tome	session_id	organization	president	date
10	1	ASSEMBLÉE NATIONALE. 	 présidence de m. thouret. 	1789-11-12
10	2	ASSEMBLÉE NATIONALE. 	présidence de m. thouret. 	1789-11-13
10	3	ASSEMBLÉE NATIONALE.	présidence de m. thourët.	1789-11-14
10	4	ASSEMBLÉE NATIONALE.	présidence de m. thouret.	1789-11-16
10	5	ASSEMBLÉE NATIONALE.	PRÉSIDENCE DE M. THOURET. 	1789-11-17
10	6	ASSEMBLÉE NATIONALE.	PRÉSIDENCE DE M. THOURET.	1789-11-17
10	7	ASSEMBLÉE NATIONALE.	PRÉSIDENCË DE M. THOURET.	1789-11-18
10	8	ASSEMBLÉE NATIONALE. 	PRÉSIDENCE DE M. TIIOURET.	1789-11-19
10	9	ASSEMBLÉE NATIONALE. 	présidence de m. thduret. 	1789-11-19
10	10	ASSEMBLÉE NATIONALE. 	présidence de m. thouret.	1789-11-20
10	11	ASSEMBLÉE NATIONALE. 	n/a	1789-11-21
10	12	ASSEMBLÉE NATIONALE. 	PRÉSIDENCE DE M. THOURET. 	1789-11-21
10	13	ASSEMBLÉE NATIONALE.	ANNEXE	1789-10-23
10	14	ASSEMBLÉE NATIONALE.	 PRÉSIDENCE DE M, DE BOISGELIN, ARCHEVÊQUE D'AIX.	1789-11-24
10	15	ASSEMBLÉE NATIONALE. 	n/a	1789-11-24
10	16	ASSEMBLÉE NATIONALE. 	n/a	1789-11-25
10	17	ASSEMBLÉE NATIONALE. 	n/a	1789-11-26
10	18	ASSEMBLÉE NATIONALE.	PRÉSIDENCE DE M. DE BOISGELIN, ARCHEVÉQUE D'AIX.	1789-11-26
10	19	ASSEMBLÉE NATIONALE. 	PRÉSIDENCE DE M. DE BOISGELIN, ARCHEVÊQUE D'AIX. 	1789-11-27
10	20	ASSEMBLÉE NATIONALE. 	présidence de m. de boisgelin, archevêque d'aix. 	1789-11-28
10	21	ASSEMBLÉE NATIONALE. 	PRÉSIDENCE DE M. DE BOISGEL1N, ARCHEVÊQUE D'AIX. 	1789-11-28
10	22	ASSEMBLÉE NATIONALE. 	PRÉSIDENCE DE M. DE BOISGELIN, ARCHEVÊQUE D'AIX. 	1789-11-30
10	23	ASSEMBLÉE NATIONALE. 	PRÉSIDENCE DE M. DE BOISGELIN, ARCHEVÊQUE D'AIX. 	1789-12-01
10	24	ASSEMBLÉE NATIONALE. 	présidence de m. de boisgelin argbïvêque d'aix. 	1789-12-01
10	25	ASSEMBLÉE NATIONALE. 	PRÉSIDENCE DE M. DE BOISGELIN, ARCHEVÊQUE D'AIX. 	1789-12-02
10	26	ASSEMBLÉE NATIONALE. 	présidence de m. de boisgelin, archevêqoe d'aix. 	1789-12-03
10	27	ASSEMBLÉE NATIONALE.	PRÉSIDENCE DE M, I}E ïjOIgGELIN, ARCHEVÊQUE D'AIX, 	1789-12-03
10	28	ASSEMBLÉE NATIONALE. 	PRÉSIDENCE DE M. DE BOISGELIN, ARCHEVÊQUE D'AIX. 	1789-12-04
10	29	ASSEMBLÉE NATIONALE. 	PRÉSIDENCE DE M. DE BOISGEL1N, ARCHEVÊQUE D'AlX. 	1789-12-05
10	30	ASSEMBLÉE NATIONALE. 	PRÉSIDENCE DE M. DE BOISGELIN, ARCHEVÊQUE D'ÀIX. 	1789-12-05
10	31	ASSEMBLÉE NATIONALE. 	présidence de m. frétead de sa1nt-just.	1789-12-07
10	32	ASSEMBLÉE NATIONALE. 	PRÉSIDENCE DÉ M. MÊTËAÛ DÊ SAlNÏ-jOSl. 	1789-12-07
10	33	ASSEMBLÉE NATIONALE. 	présidence de m. frëteau de sa1nt-just.	1789-12-08
10	34	ASSEMBLÉE NATIONALE. 	présidence de m. fréteau de saint-just. 	1789-12-09
10	35	ASSEMBLÉE NATIONALE. 	PRÉSIDENCE DE M. FRÉTEAU DE SAINT-JUST.	1789-12-10
10	36	ASSEMBLÉE NATIONALE. 	PRÉSIDENCE DE M. FRÉTEAU DE SAINT-JUST. 	1789-12-10
10	37	ASSEMBLÉE NATIONALE. 	PRÉSIDENCE DE M. FRÉTEAU DE SÀ1NT-JUST. 	1789-12-11
10	38	ASSEMBLÉE NATIONALE. 	n/a	1789-12-11
10	39	ASSEMBLÉE NATIONALE. 	PRÉSIDENCE DE M. FRÉTEAU DE SAINT-JUST.	1789-12-12
10	40	ASSEMBLÉE NATIONALE. 	PRÉSIDENCE DE M. FRÉTEAUDE SAINT-JUST.	1789-12-12
10	41	ASSEMBLÉE NATIONALE. 	PRÉSIDENCE DE M. FRÉTEAU DE SAINT-JUST. 	1789-12-14
10	42	ASSEMBLÉE NATIONALE. 	PRÉSIDENCE DE M. FRÉTEAU DE SAINT-JUST.	1789-12-15
10	43	ASSEMBLÉE NATIONALE. 	PRÉSIDENCE DE M. FRÉTEAU DE SAINT-JUST.	1789-12-15
10	44	ASSEMBLÉE NATIONALE. 	PRÉSIDENCE DE M. FRÉTEAU DE SAINT-JUST. 	1789-12-16
10	45	ASSEMBLÉE NATIONALE.	PRESIDENCE DE M. CAMUS, ex-président	1789-12-17
10	46	ASSEMBLÉE NATIONALE. 	PRÉSIDENCE DE M. CAMUS, ex-président. 	1789-12-17
10	47	ASSEMBLÉE NATIONALE. 	PRÉSIDENCE DE M. CAMUS, ex-président. 	1789-12-18
10	48	ASSEMBLÉE NATIONALE. 	PRÉSIDENCE DE M. FRÉTEAU DE SAINT-JUST. 	1789-12-19
10	49	ASSEMBLÉE NATIONALE. 	PRÉSIDENCE DE M. FRÉTEAU DE SAINT-JUST. 	1789-12-21
10	50	ASSEMBLÉE NATIONALE. 	PRÉSIDENCE DE M. DÉMEUNIER,	1789-12-22
10	51	ASSEMBLÉE NATIONALE. 	PRÉSIDENCE DE M. DÉMEUNIER,	1789-12-22
10	52	ASSEMBLÉE NATIONALE. 	PRÉSIDENCE DE M. DÉMEUNIER, 	1789-12-23
10	53	ASSEMBLÉE NATIONALE. 	PRÉSIDENCE DE M. DÉMEDNIER.	1789-12-24
11	1	ASSEMBLÉE NATIONALE. 	PRÉSIDENCE DE M. DÉMEUNIER. 	1789-12-24
11	2	ASSEMBLÉE NATIONALE. 	n/a	1789-12-26
11	3	ASSEMBLÉE NATIONALE. 	n/a	1789-12-28
11	4	ASSEMBLÉE NATIONALE. 	n/a	1789-12-29
11	5	ASSEMBLÉE NATIONALE. 	ANNEXES 	1789-12-29
11	6	ASSEMBLÉE NATIONALE. 	ANNEXE	1789-12-30
11	7	ASSEMBLÉE NATIONALE.	n/a	1789-12-31
11	8	ASSEMBLÉE NATIONALE.	n/a	1790-01-02
11	9	ASSEMBLÉE NATIONALE.	n/a	1790-01-02
11	10	ASSEMBLÉE NATIONALE.	PREMIÈRE ANNEXE	1790-01-04
11	11	ASSEMBLÉE NATIONALE. 	n/a	1789-01-05
11	12	ASSEMBLÉE NATIONALE. 	n/a	1790-01-07
11	13	ASSEMBLÉE NATIONALE. 	n/a	1790-01-07
11	14	ASSEMBLÉE NATIONALE. 	n/a	1790-01-08
11	15	ASSEMBLÉE NATIONALE. 	n/a	1790-01-09
11	16	ASSEMBLÉE NATIONALE. 	n/a	1789-01-11
11	17	ASSEMBLÉE NATIONALE. 	PREMIÈRE ANNEXE. 	1789-01-12
11	18	ASSEMBLÉE NATIONALE. 	n/a	1790-01-13
11	19	ASSEMBLÉE NATIONALE. 	n/a	1790-01-14
11	20	ASSEMBLÉE NATIONALE. 	n/a	1790-01-14
11	21	ASSEMBLÉE NATIONALE. 	ANNEXE 	1790-01-15
11	22	ASSEMBLÉE NATIONALE. 	n/a	1790-01-16
11	23	ASSEMBLÉE NATIONALE. 	n/a	1790-01-16
11	24	ASSEMBLÉE NATIONALE. 	n/a	1790-01-18
11	25	ASSEMBLÉE NATIONALE. 	n/a	1790-01-19
11	26	ASSEMBLÉE NATIONALE.	n/a	1790-01-19
11	27	ASSEMBLÉE NATIONALE.	n/a	1790-01-20
11	28	ASSEMBLÉE NATIONALE.	n/a	1790-01-21
11	29	ASSEMBLÉE NATIONALE.	1er ANNEXE	1790-01-21
11	30	ASSEMBLÉE NATIONALE.	n/a	1790-01-22
11	31	ASSEMBLÉE NATIONALE.	n/a	1790-01-23
11	32	ASSEMBLÉE NATIONALE.	n/a	1790-01-23
11	33	ASSEMBLÉE NATIONALE. 	ANNEXE 	1790-01-25
11	34	ASSEMBLÉE NATIONALE. 	n/a	1790-01-26
11	35	ASSEMBLÉE NATIONALE. 	n/a	1790-01-26
11	36	ASSEMBLÉE NATIONALE. 	ANNEXE 	1790-01-02
11	37	ASSEMBLÉE NATIONALE. 	annexe 	1790-01-28
11	38	ASSEMBLÉE NATIONALE. 	n/a	1790-01-29
11	39	ASSEMBLÉE NATIONALE. 	n/a	1790-01-30
11	40	ASSEMBLÉE NATIONALE. 	ANNEXE 	1790-01-30
11	41	ASSEMBLÉE NATIONALE. 	ANNEXE 	1790-02-01
11	42	ASSEMBLÉE NATIONALE. 	n/a	1790-02-02
11	43	ASSEMBLÉE NATIONALE. 	n/a	1790-02-03
11	44	ASSEMBLÉE NATIONALE. 	n/a	1790-02-04
11	45	ASSEMBLÉE NATIONALE. 	ANNEXE A LA SÉANCE 	1790-02-05
11	46	ASSEMBLÉE NATIONALE. 	n/a	1790-02-06
11	47	ASSEMBLÉE NATIONALE. 	1re ANNEXE 	1790-02-06
11	48	ASSEMBLÉE NATIONALE. 	annexe 	1790-02-07
11	49	ASSEMBLÉE NATIONALE. 	n/a	1790-02-08
11	50	ASSEMBLÉE NATIONALE. 	n/a	1790-02-09
11	51	ASSEMBLÉE NATIONALE.	n/a	1790-02-09
11	52	ASSEMBLÉE NATIONALE. 	n/a	1790-02-10
11	53	ASSEMBLÉE NATIONALE. 	n/a	1790-02-11
11	54	ASSEMBLÉE NATIONALE.	AUX FRANÇAIS. 	1790-02-11
11	55	ASSEMBLÉE NATIONALE. 	ANNEXE 	1790-02-11
11	56	ASSEMBLÉE NATIONALE. 	n/a	1790-02-12
11	57	ASSEMBLÉE NATIONALE. 	1er ANNEXE	1790-02-13
11	58	ASSEMBLÉE NATIONALE.	n/a	1790-02-14
11	59	ASSEMBLÉE NATIONALE.	ANNEXE	1790-02-15
11	60	ASSEMBLÉE NATIONALE.	n/a	1790-02-16
11	61	ASSEMBLÉE NATIONALE.	n/a	1790-02-16
11	62	ASSEMBLÉE NATIONALE.	ANNEXES A LA SÉANCE	1790-02-17
11	63	ASSEMBLÉE NATIONALE.	n/a	1790-02-18
11	64	ASSEMBLÉE NATIONALE. 	n/a	1790-02-18
11	65	ASSEMBLÉE NATIONALE. 	n/a	1790-02-19
11	66	ASSEMBLÉE NATIONALE. 	n/a	1790-02-20
11	67	ASSEMBLÉE NATIONALE. 	n/a	1790-02-20
11	68	ASSEMBLÉE NATIONALE. 	PREMIÈRE ANNEXE 	1790-02-22
11	69	ASSEMBLÉE NATIONALE. 	ANNEXE 	1790-02-23
11	70	ASSEMBLÉE NATIONALE. 	n/a	1790-02-24
11	71	ASSEMBLÉE NATIONALE. 	n/a	1790-02-25
11	72	ASSEMBLÉE NATIONALE. 	ANNEXE 	1790-02-25
11	73	ASSEMBLÉE NATIONALE. 	ANNEXE 	1790-02-26
11	74	ASSEMBLÉE NATIONALE. 	n/a	1790-02-27
11	75	ASSEMBLÉE NATIONALE. 	n/a	1790-02-27
11	76	ASSEMBLÉE NATIONALE. 	ANNEXE 	1790-02-28
11	77	ASSEMBLÉE NATIONALE. 	ANNEXE 	1790-03-01
12	1	ASSEMBLÉE NATIONALE. 	présidence de m. l'abbé de montesquiou. 	1790-03-02
12	2	ASSEMBLÉE NATIONALE. 	présidence de m. bureaux de pusy, ancien président. 	1790-03-03
12	3	ASSEMBLÉE NATIONALE. 	présidence de m. l'abbé de montesquiou. 	1790-03-04
12	4	ASSEMBLÉE NATIONALE. 	PRÉSIDENCE DE M. L'ABBÉ DE MONTESQUIOU. 	1790-03-04
12	5	ASSEMBLÉE NATIONALE. 	présidence de m. l'abbé de montesquiou. 	1790-03-05
12	6	ASSEMBLÉE NATIONALE. 	Présidence de m. l'abbé de montesquiou. 	1790-03-06
12	7	ASSEMBLÉE NATIONALE. 	PRÉSIDENCE DE M. L'ABBÉ DR MONTESQUIOU. 	1790-03-06
12	8	ASSEMBLÉE NATIONALE. 	PRÉSIDENCE DE M. L'ABBÉ DE MONTESQUIOU. 	1790-05-07
12	9	ASSEMBLÉE NATIONALE. 	PRÉSIDENCE DE M. L'ABBÉ DE MONTESQUIOU. 	1790-03-08
12	10	ASSEMBLÉE NATIONALE. 	PRÉSIDENCE DE M. L'ABBÉ DE MONTESQUIOU. 	1790-03-09
12	11	ASSEMBLÉE NATIONALE. 	présidence de m. le chapelier, ex-président. 	1790-03-09
12	12	ASSEMBLÉE NATIONALE. 	PRÉSIDENCE DE M. DE TALLÉYRAND, ÉVÊQUE D'AUTUN. 	1790-03-10
12	13	ASSEMBLÉE NATIONALE. 	présidence de m. l'abbé de montesquiqu. 	1790-03-11
12	14	ASSEMBLÉE NATIONALE. 	présidence de m. bureaux de pusy, ancien président. 	1790-03-11
12	15	ASSEMBLÉE NATIONALE. 	présidence de m. l'abbé de montesquiou. 	1790-03-12
12	16	ASSEMBLÉE NATIONALE. 	PRÉSIDENCE DE M. L'ABBÉ DE MONTÈSQUIOU. 	1790-03-13
12	17	ASSEMBLÉE NATIONALE. 	présidence de m. Prétbau, ancien président. 	1790-03-13
12	18	ASSEMBLÉE NATIONALE.	PRÉSIDENCE DE M. L'ABBÉ DE MONTESQUIOU	1790-03-14
12	19	ASSEMBLÉE NATIONALE. 	PRÉSIDENCE DE M. RABAUD DE SAINT-ÉTIENNE. 	1790-03-15
12	20	ASSEMBLÉE NATIONALE. 	présidence de m. rabaud de saint-étienne.	1790-03-16
12	21	ASSEMBLÉE NATIONALE. 	PRÉSIDENCE DE M. RABAUD DE SAINT-ÉTIENNE.	1790-03-16
12	22	ASSEMBLÉE NATIONALE. 	PRÉSIDENCE DE M. RABAUD DE SAINT-ÉTIENNE. 	1790-03-17
12	23	ASSEMBLÉE NATIONALE. 	PRÉSIDENCE DE M. RABAUD DE SAINT-ËTIENNE. 	1790-03-18
12	24	ASSEMBLÉE NATIONALE. 	Présidence de M. Tréteau, ancien président. 	1790-03-18
12	25	ASSEMBLÉE NATIONALE. 	PRÉSIDENCE DE M. RABAUD DE SAINT-ÉTIENNE. 	1790-03-19
12	26	ASSEMBLÉE NATIONALE. 	présidence de m. rabaud de saint-étienne. 	1790-03-20
12	27	ASSEMBLÉE NATIONALE. 	PRÉSIDENCE DE M. FRÉTEAU, EX-PRÉSIDENT. 	1790-03-20
12	28	ASSEMBLÉE NATIONALE. 	PRÉSIDENCE DE M. RARAUD DE SAINT-ÉTIENNE. 	1790-03-21
12	29	ASSEMBLÉE NATIONALE. 	PRÉSIDENCE DE M. RABAUD DE SAINT-ÉTIENNE. 	1790-03-22
12	30	ASSEMBLÉE NATIONALE. 	présidence de m. rabaud de saint-'etienne.	1790-03-23
12	31	ASSEMBLÉE NATIONALE. 	PRÉSIDENCE DE M. RABAUD DE SAINT-ÉTIENNE. 	1790-03-23
12	32	ASSEMBLÉE NATIONALE. 	présidence de m- rabaud de saint-étienne. 	1790-03-24
12	33	ASSEMBLÉE NATIONALE.	PRÉSIDENCE DE M. RABAUD DE SAINT-ÉTIENNE.	1790-03-22
12	34	ASSEMBLÉE NATIONALE.	présidence de m. rabaud de saint-étienne.	1790-03-26
12	35	ASSEMBLÉE NATIONALE.	PRÉSIDENCE DE M. RABAUD DE SAlNT-ÉTIENNE.	1790-03-27
12	36	ASSEMBLÉE NATIONALE.	PRÉSIDENCE DE M. FRÉTEAU, ANCIEN PRÉSIDENT.	1790-03-27
12	37	ASSEMBLÉE NATIONALE.	PRÉSIDENCE DE M. LE BARON DE MENOU.	1790-03-28
12	38	ASSEMBLÉE NATIONALE.	PRÉSIDENCE DE M. LE BARON DE MENPU, 	1790-03-29
12	39	ASSEMBLÉE NATIONALE. 	PRÉSIDENCE DE M. LE BARON DE MENOU. 	1790-03-30
12	40	ASSEMBLÉE NATIONALE. 	PRÉSIDENCE DE M. LE BARON DE MENOU. 	1790-05-30
12	41	ASSEMBLÉE NATIONALE. 	PRÉSIDENCE DE M. LE BARON DE MENOU. 	1790-05-31
12	42	ASSEMBLÉE NATIONALE. 	présidence de m. le baron de menou. 	1790-04-01
12	43	ASSEMBLÉE NATIONALE. 	PRÉSIDENCE DE M. LE BARON DE MENOU. 	1790-04-02
12	44	ASSEMBLÉE NATIONALE.	 PRÉSIDENCE DE M. LE BARON MENÔU. 	1790-04-03
12	45	ASSEMBLÉE NATIONALE. 	PRÉSIDENCE DE M. LE BARON DE MENOU. 	1790-04-05
12	46	ASSEMBLÉE NATIONALE. 	PRÉSIDENCE DE M. LE BARON DE MENOU. 	1790-04-06
12	47	ASSEMBLÉE NATIONALE. 	présidence de m. le baron de menou. 	1790-04-07
12	48	ASSEMBLÉE NATIONALE. 	PRÉSIDENCE DE M. LE BARON DE MENOU. 	1790-04-08
12	49	ASSEMBLÉE NATIONALE. 	PRÉSIDENCE DE M. LE BARON DE MENOU. 	1790-04-08
12	50	ASSEMBLÉE NATIONALE. 	Présidence de M. le baron de Menou. 	1790-04-09
12	51	ASSEMBLÉE NATIONALE. 	présidence de m. le baron de menou. 	1790-04-10
12	52	ASSEMBLÉE NATIONALE. 	présidence de m. le baron de menou. 	1790-04-10
12	53	ASSEMBLÉE NATIONALE. 	présidence de m. le baron de menou. 	1790-04-11
12	54	ASSEMBLÉE NATIONALE. 	présidence de m. le marquis de bonnay. 	1790-04-12
12	55	ASSEMBLÉE NATIONALE. 	 présidence de m. le marquis de bonnay. 	1790-04-03
12	56	ASSEMBLÉE NATIONALE. 	PRÉSIDENCE DE M. LEMARQUIS DE BONNVY. 	1790-04-14
13	1	ASSEMBLÉE NATIONALE. 	n/a	1790-04-15
13	2	ASSEMBLÉE NATIONALE. 	PREMIÈRE ANNEXE	1790-04-15
13	3	ASSEMBLÉE NATIONALE. 	n/a	1790-04-16
13	4	ASSEMBLÉE NATIONALE. 	n/a	1790-04-17
13	5	ASSEMBLÉE NATIONALE. 	n/a	1790-04-17
13	6	ASSEMBLÉE NATIONALE. 	ANNEXE 	1790-04-18
13	7	ASSEMBLÉE NATIONALE. 	1re ANNEXE 	1790-04-19
13	8	ASSEMBLÉE NATIONALE. 	n/a	1790-04-20
13	9	ASSEMBLÉE NATIONALE. 	ANNEXE 	1790-04-20
13	10	ASSEMBLÉE NATIONALE.	ANNEXE 	1790-04-21
15	1	ASSEMBLÉE NATIONALE. 	présidence de m. le marquis de bonnay. 	1790-04-22
15	2	ASSEMBLÉE NATIONALE. 	n/a	1790-04-22
15	3	ASSEMBLÉE NATIONALE. 	n/a	1790-04-23
15	4	ASSEMBLÉE NATIONALE. 	n/a	1790-04-24
15	5	ASSEMBLÉE NATIONALE. 	présidence de m. le marquis de bonnay.	1790-04-24
15	6	ASSEMBLÉE NATIONALE. 	n/a	1790-04-25
15	7	ASSEMBLÉE NATIONALE. 	PRÉSIDENCE DE M. LE MARQUIS DE BONNAY. 	1790-04-26
15	8	ASSEMBLÉE NATIONALE. 	PRÉSIDENCE DE M. LE COMTE DE VIRIEU. 	1790-04-27
15	9	ASSEMBLÉE NATIONALE. 	présidence de m. le marquis de boxnay, ex-président, 	1790-04-28
15	10	ASSEMBLÉE NATIONALE. 	PRÉSIDENCE DE M. L'ABBÉ GOUTTES. 	1790-04-29
15	11	ASSEMBLÉE NATIONALE. 	PRÉSIDENCE DE M. L'ABBÉ GOUTTES. 	1790-04-29
15	12	ASSEMBLÉE NATIONALE. 	présidence de m. l'abbé gouttes.	1790-04-30
15	13	ASSEMBLÉE NATIONALE. 	PRÉSIDENCE DE M. L'ABBÉ GOUTTES. 	1790-05-01
15	14	ASSEMBLÉE NATIONALE. 	PRÉSIDENCE DE M. L'ABBÉ GOUTTES. 	1790-03-01
15	15	ASSEMBLÉE NATIONALE. 	PRÉSIDENCE DE M. L'ABBÉ GOUTTES. 	1790-05-02
15	16	ASSEMBLÉE NATIONALE. 	PRÉSIDENCE DE M. L'ABBÉ GOUTTES. 	1790-05-03
15	17	ASSEMBLÉE NATIONALE 	PRÉSIDENCE DE M. L'ABBÉ GOUTTES. 	1790-05-03
15	18	ASSEMBLÉE NATIONALE. 	PRÉSIDENCE DE M. L'ARBÉ GOUTTTES. 	1790-05-04
15	19	ASSEMBLÉE NATIONALE. 	PRÉSIDENCE DE M. LE MARQUIS DE BONNAY, EX-PRÉSIDENT 	1790-05-04
15	20	ASSEMBLÉE NATIONALE. 	PRÉSIDENCE DE M. L'ARBÉ GOUTTES. 	1790-05-05
15	21	ASSEMBLÉE NATIONALE. 	PRÉSIDENCE DE M. L'ARBÉ GOUTTES. 	1790-05-05
15	22	ASSEMBLÉE NATIONALE. 	PRÉSIDENCE DE M. L'ABBÉ GOUTTES. 	1790-05-06
15	23	ASSEMBLÉE NATIONALE. 	PRÉSIDENCE DE M. L'ABBÉ GOUTTES. 	1790-05-06
15	24	ASSEMBLÉE NATIONALE. 	PRÉSIDENCE DE M. L'ABBÉ GOUTTAS. 	1790-05-07
15	25	ASSEMBLÉE NATIONALE. 	PRÉSIDENCE DE M. LE MARQUIS DE BONNAY, EX-PRÉSIDENT. 	1790-05-07
15	26	ASSEMBLÉE NATIONALE. 	PRÉSIDENCE DE M. L'ABBÉ GOUTTES, 	1790-05-08
15	27	ASSEMBLÉE NATIONALE. 	PRÉSIDENCE DE M. L'ABBÉ GOUTTES. 	1790-05-08
15	28	ASSEMBLÉE NATIONALE. 	PRÉSIDENCE DE M. L'ABBÉ GOUTTES.	1790-05-09
15	29	ASSEMBLÉE NATIONALE. 	PRÉSIDENCE DE m. THOURET. 	1790-05-10
15	30	ASSEMBLÉE NATIONALE. 	PRÉSIDENCE DE M. THOURET. 	1790-06-10
15	31	ASSEMBLÉE NATIONALE. 	PRÉSIDENCE DE M. THOURET. 	1790-05-11
15	32	ASSEMBLÉE NATIONALE. 	PRÉSIDENCE DE M. THOURET. 	1790-05-11
15	33	ASSEMBLÉE NATIONALE. 	PRÉSIDENCE DE M. THOURET. 	1790-05-12
15	34	ASSEMBLÉE NATIONALE. 	PRÉSIDENCE DE M. TBOURET. 	1790-05-12
15	35	ASSEMBLÉE NATIONALE. 	PRÉSIDENCE DE M. THOURET. 	1790-05-13
15	36	ASSEMBLÉE NATIONALE. 	PRÉSIDENCE DE M. THOURET. 	1790-05-14
15	37	ASSEMBLÉE NATIONALE. 	présidence de m. thouret. 	1790-05-14
15	38	ASSEMBLÉE NATIONALE. 	PRÉSIDENCE DE M. THOURET. 	1790-05-15
15	39	ASSEMBLÉE NATIONALE. 	PRÉSIDENCE DE M. THOURET.	1790-05-15
15	40	ASSEMBLÉE NATIONALE. 	PRÉSIDENCE DE M. THOURET. 	1790-05-16
15	41	ASSEMBLÉE NATIONALE. 	PRÉSIDENCE DE M. THOURET.	1790-03-11
15	42	ASSEMBLÉE NATIONALE.	PRÉSIDENCE DE M. L'ABBÉ GOUTTES.	1790-05-17
15	43	ASSEMBLÉE NATIONALE.	PRÉSIDENCE DE M. THOURET.	1790-05-18
15	44	ASSEMBLÉE NATIONALE.	PRÉSIDENCE DE M. L'ABBÉ GOUTTES.	1790-05-18
15	45	ASSEMBLÉE NATIONALE.	PRÉSIDENCE DE M. THOURET.	1790-05-19
15	46	ASSEMBLÉE NATIONALE.	PRÉSIDENCE DE M. CAMUS.	1790-05-19
15	47	ASSEMBLÉE NATIONALE.	PRÉSIDENCE DE M. THOURET.	1790-05-20
15	48	ASSEMBLÉE NATIONALE. 	PRÉSIDENCE DE M. CAMUS. 	1790-05-20
15	49	ASSEMBLÉE NATIONALE. 	PRÉSIDENCE DE M. THOURET.	1790-05-21
15	50	ASSEMBLÉE NATIONALE. 	PRÉSIDENCE DE M. LE BARON DE MENOU. 	1790-05-21
15	51	ASSEMBLÉE NATIONALE. 	PRÉSIDENCE DE M. THODRET.	1790-05-22
15	52	ASSEMBLÉE NATIONALE.	PRÉSIDENCE DE M. THOURET. 	1790-05-24
15	53	ASSEMBLÉE NATIONALE. 	PRÉSIDENCE DE M. THOURET. 	1790-05-25
15	54	ASSEMBLÉE NATIONALE. 	PRÉSIDENCE DE M. THOURET. 	1790-05-26
15	55	ASSEMBLÉE NATIONALE. 	PRÉSIDENCE DE M. BRIOIS DE BEAUMETZ. 	1790-05-27
15	56	ASSEMBLÉE NATIONALE. 	PRESIDENCE DE M. LE BARON DE MENOU.	1790-05-27
15	57	ASSEMBLÉE NATIONALE. 	PRÉSIDENCE DE M. BRIOIS DE BEAUMETZ. 	1790-05-28
15	58	ASSEMBLÉE NATIONALE. 	PRÉSIDENCE DE M. BRIOIS DE BEAUMETZ. 	1790-05-29
15	59	ASSEMBLÉE NATIONALE. 	PRÉSIDENCE DE M. L'ABBÉ GOUTTES.	1790-05-29
15	60	ASSEMBLÉE NATIONALE.	 PRÉSIDENCE DE M. BRIOIS DB BEAUMETZ.	1790-03-30
16	1	ASSEMBLÉE NATIONALE.	PRÉSIDENCE DE M. BRIOIS DE BEAUMETZ.	1790-05-31
16	2	ASSEMBLÉE NATIONALE.	PRÉSIDENCE DE M. BRIOIS DE BEAUMETZ.	1790-05-31
16	3	ASSEMBLÉE NATIONALE.	PRÉSIDENCE DE M. DRIOIS DE BEAUMETZ.	1790-06-01
16	4	ASSEMBLÉE NATIONALE.	PRÉSIDENCE DE M. BRIOIS DE BEAUMETZ.	1790-06-01
16	5	ASSEMBLÉE NATIONALE.	PRÉSIDENCE DE M. BRIOIS DE BEAUMETZ.	1790-06-02
16	6	ASSEMBLÉE NATIONALE. 	PRÉSIDENCE DE M. BRIOIS DE BEAUMETZ 	1790-06-02
16	7	ASSEMBLÉE NATIONALE. 	n/a	1790-06-03
16	8	ASSEMBLÉE NATIONALE. 	PRÉSIDENCE DE M. BRIOIS DE BEAUMETZ. 	1790-06-04
16	9	ASSEMBLÉE NATIONALE.	PRÉSIDENCE DE M. BRIOIS DE BEAUMETZ.	1790-06-05
16	10	ASSEMBLÉE NATIONALE.	 PRÉSIDENCE DE M. LE CHAPELIER, EX-PRÉSIDENT.	1790-06-05
16	11	ASSEMBLÉE NATIONALE.	 PRÉSIDENCE DE M. BRIOIS DE BEAUMETZ.	1790-06-06
16	12	ASSEMBLÉE NATIONALE. 	PRÉSIDENCE DE M. BRIOIS DE BEAUMETZ.	1790-06-07
16	13	ASSEMBLÉE NATIONALE.	 PRÉSIDENCE DE M. L'ABBÉ SIEYÈS.	1790-06-08
16	14	ASSEMBLÉE NATIONALE.	 PRÉSIDENCE DE M. L'ABBÉ GOUTTES, EX-PRÉSIDENT.	1790-06-08
16	15	ASSEMBLÉE NATIONALE. 	PRÉSIDENCE DE M. DE BONNAY, EX-PRÉSIDENT. 	1790-06-09
16	16	ASSEMBLÉE NATIONALE. 	PROCÈS-VERBAL DE L'ASSISTANCE DE L'ASSEMBLÉE	1790-06-10
16	17	ASSEMBLÉE NATIONALE. 	PRÉSIDENCE DE M. LE MARQUIS DE BONNAY, EX-PRÉSIDENT. 	1790-06-10
16	18	ASSEMBLÉE NATIONALE.	PRÉSIDENCE DE M. L'ABBÉ SIEYÈS.	1790-06-11
16	19	ASSEMBLÉE NATIONALE. 	PRÉSIDENCE DE M. LE MARQUIS DE BONNAY, ANCIEN PRÉSIDENT. 	1790-06-12
16	20	ASSEMBLÉE NATIONALE. 	PRÉSIDENCE DE M. L'ABBÉ SIEYÈS. 	1790-06-12
16	21	ASSEMBLÉE NATIONALE.	PRÉSIDENCE DE M. L'ABBE SFEYÉS.	1790-06-13
16	22	ASSEMBLÉE NATIONALE. 	PRÉSIDENCE DE M. BRIOIS DE BEAUMETZ, EX-PRÉSIDENT 	1790-06-14
16	23	ASSEMBLÉE NATIONALE. 	PRÉSIDENCE DE M. LE MARQUIS DE BONNAY, EX-PRÉSIDENT. 	1790-06-15
16	24	ASSEMBLÉE NATIONALE. 	PRÉSIDENCE DE M. LE COMTE STANISLAS DE CLERMONT-TONNERRE, EX-PRÉSIDENT. 	1790-06-15
16	25	ASSEMBLÉE NATIONALE. 	PRÉSIDENCE DE M. L'ABBÉ GOUTTES, EX-PRÉSIDENT.	1790-06-16
16	26	ASSEMBLÉE NATIONALE.	 PRÉSIDENCE DE M. L'ABBÉ SIEYÈS.	1790-06-17
16	27	ASSEMBLÉE NATIONALE. 	PRÉSIDENCE DE M. BRIOIS DE BEAUMETZ, EX-PRÉSIDENT. 	1790-06-17
16	28	ASSEMBLÉE NATIONALE. 	PRÉSIDENCE DE M. CAMUS, EX-PRÉSIDENT. 	1790-06-18
16	29	ASSEMBLÉE NATIONALE. 	n/a	1790-06-19
16	30	ASSEMBLÉE NATIONALE. 	PRÉSIDENCE DE M. LE BARON DE MENOU, EX-PRÉSIDENT.	1790-06-19
16	31	ASSEMBLÉE NATIONALE. 	PRÉSIDENCE DE M. CAMUS, EX-PRÉSIDENT.	1790-06-20
16	32	ASSEMBLÉE NATIONALE. 	PRÉSIDENCE DE M. LE PÉLLETIER.	1790-06-21
16	33	ASSEMBLÉE NATIONALE. 	PRÉSIDENCE DE M. LE PELLETIER. 	1790-06-22
16	34	ASSEMBLÉE NATIONALE. 	PRÉSIDENCE DE M. LE PELLETIER. 	1790-06-22
16	35	ASSEMBLÉE NATIONALE. 	PRÉSIDENCE DE M. LE PELLETIER.	1790-06-23
16	36	ASSEMBLÉE NATIONALE. 	PRÉSIDENCE DE M. LE PELLETIER. 	1790-06-24
16	37	ASSEMBLÉE NATIONALE. 	PRÉSIDENCE DE M. LE PELLETIER. 	1790-06-25
16	38	ASSEMBLÉE NATIONALE. 	PRÉSIDENCE DE M. LE PELLETIER. 	1790-06-26
16	39	ASSEMBLÉE NATIONALE. 	PRÉSIDENCE DE M. LE PELLETIER. 	1790-06-26
16	40	ASSEMBLÉE NATIONALE. 	PRÉSIDENCE DE M. LE PELLETIER. 	1790-06-27
16	41	ASSEMBLÉE NATIONALE. 	PRÉSIDENCE DE M. LE PELLETIER. 	1790-06-28
16	42	ASSEMBLÉE NATIONALE. 	PRÉSIDENCE DE M. LE PELLETIER. 	1790-06-28
16	43	ASSEMBLÉE NATIONALE. 	PRÉSIDENCE DE M. LE PELLETIER. 	1790-06-29
16	44	ASSEMBLÉE NATIONALE. 	PRÉSIDENCE DE M. LE PELLETIER. 	1790-06-30
16	45	ASSEMBLÉE NATIONALE. 	PRÉSIDENCE DE M. LE PELLETIER.	1790-07-01
16	46	ASSEMBLÉE NATIONALE. 	PRÉSIDENCE DE M. LE PELLETIER. 	1790-07-01
16	47	ASSEMBLÉE NATIONALE. 	PRÉSIDENCE DE M. LE PELLETIER.	1790-07-02
16	48	ASSEMBLÉE NATIONALE. 	PRÉSIDENCE DE M. LE PELLETIER. 	1790-07-03
16	49	ASSEMBLÉE NATIONALE. 	PRÉSIDENCE DE M. L'ABBÉ GOUTTES, EX-PRÉSIDENT.	1790-07-03
16	50	ASSEMBLÉE NATIONALE. 	PRÉSIDENCE DE M. LE PELLETIER. 	1790-07-04
16	51	ASSEMBLÉE NATIONALE. 	PRÉSIDENCE DE M. LE MARQUIS DE BONNAY. 	1790-07-05
16	52	ASSEMBLÉE NATIONALE. 	PRÉSIDENCE DE M. C.-F. DE BONNAY. 	1790-07-06
16	53	ASSEMBLÉE NATIONALE. 	PRÉSIDENCE DE M. C.-F. DE BONNAY. 	1790-07-06
16	54	ASSEMBLÉE NATIONALE. 	PRÉSIDENCE DE M. C.-F. DE BONNAY. 	1790-07-07
16	55	ASSEMBLÉE NATIONALE. 	PRÉSIDENCE DE M. L'ABBÉ GOUTTES, EX-PRÉSIDENT. 	1790-07-07
16	56	ASSEMBLÉE NATIONALE. 	PRÉSIDENCE DE M. C.-F. DE DONNAT. 	1790-07-08
16	57	ASSEMBLÉE NATIONALE. 	PRÉSIDENCE DE M. C.-F. DE BONNAY. 	1790-07-08
17	1	ASSEMBLÉE NATIONALE. 	PRÉSIDENCE DE M. C. F. DE BONNAY. 	1790-07-09
17	2	ASSEMBLÉE NATIONALE. 	PRÉSIDENCE DE M. C.-F. DE BONNAY. 	1790-07-10
17	3	ASSEMBLÉE NATIONALE. 	PRÉSIDENCE DE M. C.-F. DE BONNAY. 	1790-07-10
17	4	ASSEMBLÉE NATIONALE. 	PRÉSIDENCE DE M. C.-F. DE BONNAY. 	1790-07-11
17	5	ASSEMBLÉE NATIONALE. 	PRÉSIDENCE DE M. C.-F. DE BONNAY. 	1790-07-12
17	6	ASSEMBLÉE NATIONALE.	PRÉSIDENCE DE M. C.-F. DE BONNAY. 	1790-07-13
17	7	ASSEMBLÉE NATIONALE. 	PRÉSIDENCE DE M. C.-F. DE BONNAY, 	1790-07-13
17	8	ASSEMBLÉE NATIONALE.	PRÉSIDENCE DE M. C.-F. DE BONNAY.	1790-07-14
17	9	ASSEMBLÉE NATIONALE.	PRÉSIDENCE DE M. C.-F. DE BONNAY.	1790-07-15
17	10	ASSEMBLÉE NATIONALE.	PRÉSIDENCE DE M. C.-F. DE BONNAY.	1790-07-15
17	11	ASSEMBLÉE NATIONALE. 	PRÉSIDENCE DE M. C.-F. DE BONNAY. 	1790-07-16
17	12	ASSEMBLÉE NATIONALE.	PRÉSIDENCE DE M. C.-F. DE BONNAY. 	1790-07-17
17	13	ASSEMBLÉE NATIONALE.	 PRÉSlDENCE DE M. C.-F. DE BONNAY.	1790-07-17
17	14	ASSEMBLÉE NATIONALE.	PRÉSIDENCE DE M. C.-F. DE BONNAY.	1790-07-18
17	15	ASSEMBLÉE NATIONALE.	PRÉSIDENCE DE M. C.-F. DE BONNAY.	1790-07-19
17	16	ASSEMBLÉE NATIONALE. 	présidence de m. c.-f. de bonnay. 	1790-07-19
17	17	ASSEMBLÉE NATIONALE. 	présidence de m. treilhard.	1790-07-20
17	18	ASSEMBLÉE NATIONALE. 	PRÉSIDENCE DE M. TREILHARD. 	1790-07-20
17	19	ASSEMBLÉE NATIONALE. 	PRÉSIDENCE DE M. TRE1LHARD. 	1790-07-21
17	20	ASSEMBLÉE NATIONALE. 	PRÉSIDENCE DE M. TREILHARD. 	1790-07-22
17	21	ASSEMBLÉE NATIONALE. 	PRÉSIDENCE DE M. TREILHARD. 	1790-07-22
17	22	ASSEMBLÉE NATIONALE. 	PRÉSIDENCE DE M. TREILHARD. 	1790-07-23
17	23	ASSEMBLÉE NATIONALE. 	PRÉSIDENCE DE M. TREILHARD.	1790-07-24
17	24	ASSEMBLÉE NATIONALE. 	PRÉSIDENCE DE M.CAMUS, ANCIEN PRÉSIDENT. 	1790-07-24
17	25	ASSEMBLÉE NATIONALE. 	PRÉSIDENCE DE M. TREILHARD.	1790-07-25
17	26	ASSEMBLÉE NATIONALE. 	PRÉSIDENCE DE M. TREILHARD. 	1790-07-26
17	27	ASSEMBLÉE NATIONALE. 	présidence de m. de menou, ancien président. 	1790-07-26
17	28	ASSEMBLÉE NATIONALE. 	PRÉSIDENCE DE M. TREILHARD. 	1790-07-27
17	29	ASSEMBLÉE NATIONALE. 	PRÉSIDENCE DE M. TREILHARD. 	1790-07-27
17	30	ASSEMBLÉE NATIONALE. 	PRÉSIDENCE DË M. TREILHARD. 	1790-07-28
17	31	ASSEMBLÉE NATIONALE.	présidence de m. treilhard.	1790-07-29
17	32	ASSEMBLÉE NATIONALE.	PRÉSIDENCE DE M. TREILHARD.	1790-07-29
17	33	ASSEMBLÉE NATIONALE.	PRÉSIDENCE DE M. TREILHARD.	1790-07-30
17	34	ASSEMBLÉE NATIONALE.	PRÉSIDENCE DE M. TREILHARD.	1790-07-31
17	35	ASSEMBLÉE NATIONALE. 	PRÉSIDENCE DE M. TREILHARD. 	1790-07-31
17	36	ASSEMBLÉE NATIONALE. 	PRÉSIDENCE DE M. D'ANDRÉ. 	1790-08-01
17	37	ASSEMBLÉE NATIONALE. 	PRÉSIDENCE DE M. D'ANDRÉ. 	1790-08-02
17	38	ASSEMBLÉE NATIONALE. 	PRÉSIDENCE DE M. D'ANDRÉ. 	1790-08-02
17	39	ASSEMBLÉE NATIONALE. 	PRÉSIDENCE DE M. D'ANDRÉ. 	1790-08-03
17	40	ASSEMBLÉE NATIONALE. 	PRÉSIDENCE DE M. DE BONNAY, EX-PRÉSIDENT. 	1790-08-03
17	41	ASSEMBLÉE NATIONALE. 	PRÉSIDENCE DE M. D'ANDRÉ. 	1790-08-04
17	42	ASSEMBLÉE NATIONALE. 	PRÉSIDENCE DE M. D'ANDRÉ. 	1790-08-05
17	43	ASSEMBLÉE NATIONALE. 	PRÉSIDENCE DE M. L'ABBÉ GOUTTES, EX-PRÉSIDENT. 	1790-08-05
17	44	ASSEMBLÉE NATIONALE. 	PRÉSIDENCE DE M. D'ANDRÉ. 	1790-08-06
17	45	ASSEMBLÉE NATIONALE. 	PRÉSIDENCE DE M. D'ANDRÉ. 	1790-08-06
17	46	ASSEMBLÉE NATIONALE. 	PRÉSIDENCE DE M. D'ANDRÉ. 	1790-08-07
17	47	ASSEMBLÉE NATIONALE. 	PRÉSIDENCE DE M. D'ANDRÉ.	1790-08-08
17	48	ASSEMBLÉE NATIONALE. 	PRÉSIDENCE DE M. D'ANDRÉ. 	1790-08-09
17	49	ASSEMBLÉE NATIONALE. 	PRÉSIDENCE DE M. D'ANDRÉ. 	1790-10-10
17	50	ASSEMBLÉE NATIONALE.	 PRÉSIDENCE DE M. TREILHARD, EX-PRÉSIDENT.	1790-08-10
17	51	ASSEMBLÉE NATIONALE.	 PRÉSIDENCE DE M. D'ANDRÉ.	1790-08-11
17	52	ASSEMBLÉE NATIONALE.	 PRÉSIDENCE DE M. D'ANDRÉ.	1790-08-11
17	53	ASSEMBLÉE NATIONALE.	 PRÉSIDENCE DE M. D'ANDRÉ.	1790-08-12
18	1	ASSEMBLÉE NATIONALE. 	PREMIÈRE ANNEXE 	1790-08-12
18	2	ASSEMBLÉE NATIONALE. 	n/a	1790-08-13
18	3	ASSEMBLÉE NATIONALE. 	n/a	1790-08-14
18	4	ASSEMBLÉE NATIONALE. 	n/a	1790-08-14
18	5	ASSEMBLÉE NATIONALE. 	n/a	1790-08-15
18	6	ASSEMBLÉE NATIONALE. 	n/a	1790-08-16
18	7	ASSEMBLÉE NATIONALE. 	PREMIÈRE ANNEXE 	1790-08-16
18	8	ASSEMBLÉE NATIONALE. 	n/a	1790-08-17
18	9	ASSEMBLÉE NATIONALE. 	PREMIÈRE ANNEXE 	1790-08-17
18	10	ASSEMBLÉE NATIONALE. 	PREMIÈRE ANNEXE 	1790-08-18
18	11	ASSEMBLÉE NATIONALE. 	n/a	1790-08-19
18	12	ASSEMBLÉE NATIONALE. 	n/a	1790-08-19
18	13	ASSEMBLÉE NATIONALE. 	PREMIÈRE ANNEXE 	1790-08-20
18	14	ASSEMBLÉE NATIONALE. 	n/a	1790-08-21
18	15	ASSEMBLÉE NATIONALE. 	ANNEXE 	1790-08-21
18	16	ASSEMBLÉE NATIONALE. 	PREMIÈRE ANNEXE 	1790-08-22
18	17	ASSEMBLÉE NATIONALE. 	ANNEXE 	1790-08-23
18	18	ASSEMBLÉE NATIONALE.	n/a	1790-08-24
18	19	ASSEMBLÉE NATIONALE. 	n/a	1790-08-24
18	20	ASSEMBLÉE NATIONALE. 	PREMIÈRE ANNEXE 	1790-08-25
18	21	ASSEMBLÉE NATIONALE. 	n/a	1790-08-26
18	22	ASSEMBLÉE NATIONALE. 	ANNEXE 	1790-08-26
18	23	ASSEMBLÉE NATIONALE. 	n/a	1790-08-27
18	24	ASSEMBLÉE NATIONALE. 	n/a	1790-08-27
18	25	ASSEMBLÉE NATIONALE. 	ÉTAT ANNEXÉ 	1790-08-28
18	26	ASSEMBLÉE NATIONALE. 	ANNEXE 	1790-08-28
18	27	ASSEMBLÉE NATIONALE. 	n/a	1790-08-29
18	28	ASSEMBLÉE NATIONALE. 	PREMIÈRE ANNEXE 	1790-08-30
18	29	ASSEMBLÉE NATIONALE. 	n/a	1790-08-31
18	30	ASSEMBLÉE NATIONALE. 	ANNEXE 	1790-08-31
18	31	ASSEMBLÉE NATIONALE.	ANNEXE	1790-09-01
18	32	ASSEMBLÉE NATIONALE. 	n/a	1790-11-02
18	33	ASSEMBLÉE NATIONALE. 	n/a	1790-09-02
18	34	ASSEMBLÉE NATIONALE.	ANNEXES 	1790-09-03
18	35	ASSEMBLÉE NATIONALE. 	n/a	1790-09-04
18	36	ASSEMBLÉE NATIONALE. 	PREMIÈRE ANNEXE 	1790-09-04
18	37	ASSEMBLÉE NATIONALE. 	PREMIÈRE ANNEXE 	1790-09-05
18	38	ASSEMBLÉE NATIONALE. 	PREMIÈRE ANNEXE 	1790-09-06
18	39	ASSEMBLÉE NATIONALE. 	n/a	1790-09-07
18	40	ASSEMBLÉE NATIONALE. 	n/a	1790-09-07
18	41	ASSEMBLÉE NATIONALE. 	n/a	1790-09-08
18	42	ASSEMBLÉE NATIONALE. 	n/a	1790-09-09
18	43	ASSEMBLÉE NATIONALE. 	PREMIÈRE ANNEXE 	1790-09-09
18	44	ASSEMBLÉE NATIONALE. 	PREMIÈRE ANNEXE 	1790-09-09
18	45	ASSEMBLÉE NATIONALE. 	n/a	1790-09-11
18	46	ASSEMBLÉE NATIONALE. 	n/a	1790-09-11
18	47	ASSEMBLÉE NATIONALE. 	n/a	1790-09-12
18	48	ASSEMBLÉE NATIONALE. 	PREMIÈRE ANNEXE 	1790-09-13
18	49	ASSEMBLÉE NATIONALE.	n/a	1790-09-04
18	50	ASSEMBLÉE NATIONALE.	n/a	1790-09-14
18	51	ASSEMBLÉE NATIONALE.	ANNEXE	1790-09-15
19	1	ASSEMBLÉE NATIONALE. 	PRÉSIDENCE DE M. BUREAUX DE PU$Y. 	1790-09-16
19	2	ASSEMBLÉE NATIONALE. 	PRÉSIDENCE DE M. BUREAUX DE PUSY.	1790-09-16
19	3	ASSEMBLÉE NATIONALE. 	PRÉSIDENCE DE M. BUREAUX DE PU$Y. 	1790-09-17
19	4	ASSEMBLÉE NATIONALE. 	PRÉSIDENCE DE M. BUREAUX DE PU$Y.	1790-09-18
19	5	ASSEMBLÉE NATIONALE.	PRÉSIDENCE DE M. DE JESSÉ, EX-PRÉSIDENT.	1790-09-18
19	6	ASSEMBLÉE NATIONALE. 	PRÉSIDENCE DE M. BUREAUX. 	1790-09-19
19	7	ASSEMBLÉE NATIONALE. 	PRÉSIDENCE DE M. BUREAUX.	1790-09-20
19	8	ASSEMBLÉE NATIONALE. 	PRÉSIDENCE DE M. BUREAUX.	1790-09-20
19	9	ASSEMBLÉE NATIONALE. 	PRÉSIDENCE DE M. BUREAUX. 	1790-09-21
19	10	ASSEMBLÉE NATIONALE. 	PRÉSIDENCE DE M. BUREAUX. 	1790-09-21
19	11	 ASSEMBLÉE NATIONALE. 	PRÉSIDENCE DE M. BUREAUX DE PUSY. 	1790-09-22
19	12	ASSEMBLÉE NATIONALE. 	PRÉSIDENCE DE M. BOREAUX DE PUSY.	1790-09-23
19	13	ASSEMBLÉE NATIONALE. 	PRÉSIDENCE DE M. DE MENOU, EX-PRÉSIDENT.	1790-09-23
19	14	ASSEMBLÉE NATIONALE. 	PRÉSIDENCE DÈ M. BUREAUX DË PUSY. 	1790-09-24
19	15	ASSEMBLÉE NATIONALE. 	PRÉSIDENCE DE M. BUREAUX DE PUST. 	1790-09-25
19	16	ASSEMBLÉE NATIONALE. 	PRÉSIDENCE DE M. BUREAUX DE PUST.	1790-09-25
19	17	ASSEMBLÉE NATIONALE. 	PRÉSIDENCE DE M. EMMERY. 	1790-09-26
19	18	ASSEMBLÉE NATIONALE. 	PRÉSIDENCE DE M. EMMERY. 	1790-09-27
19	19	ASSEMBLÉE NATIONALE. 	PRÉSIDENCE DE M. EMMERY. 	1790-09-28
19	20	ASSEMBLÉE NATIONALE. 	ANNEXE 	1790-11-29
19	21	ASSEMBLÉE NATIONALE. 	PRÉSIDENCE DE M. EMMERY. 	1790-09-30
19	22	ASSEMBLÉE NATIONALE. 	PRÉSIDENCE DE M- EMMERY.	1790-09-30
19	23	ASSEMBLÉE NATIONALE. 	PRÉSIDENCE DE M. EMMERY. 	1790-10-01
19	24	ASSEMBLÉE NATIONALE. 	PRÉSIDENCE DE M. BOREAUX DE PUSY.	1790-10-02
19	25	ASSEMBLÉE NATIONALE. 	PRÉSIDENCE DE M. EMMERY. 	1790-10-05
19	26	ASSEMBLÉE NATIONALE. 	PRÉSIDENCE DE M. EMMERY. 	1790-10-03
19	27	ASSEMBLÉE NATIONALE. 	PRÉSIDENCE DE M. EMMERY. 	1790-10-04
19	28	ASSEMBLÉE NATIONALE. 	PRÉSIDENCE DE M. EMMERY. 	1790-10-04
19	29	ASSEMBLÉE NATIONALE. 	PRÉSIDENCE DE M. EMMERY. 	1790-10-05
19	30	ASSEMBLÉE NATIONALE.	PRÉSIDENCE DE M. D'ANDRÉ, EX-PRÉSIDENT.	1790-10-05
19	31	ASSEMBLÉE NATIONALE. 	PRÉSIDENCE DE M. EMMERY.	1790-10-06
19	32	ASSEMBLÉE NATIONALE. 	PRÉSIDENCE DE M. D'ANDRÉ, EX-PRÈSIDENT.	1790-10-06
19	33	ASSEMBLÉE NATIONALE. 	PRÉSIDENCE DE M. EMMERY.	1790-10-07
19	34	ASSEMBLÉE NATIONALE. 	PRÉSIDENCE DE M- EMMERY. 	1790-10-07
19	35	ASSEMBLÉE NATIONALE. 	PRÉSIDENCE DE M. EMMERY. 	1790-10-8
19	36	ASSEMBLÉE NATIONALE. 	PRÉSIDENCE DE M. EMMERY.	1790-10-08
19	37	ASSEMBLÉE NATIONALE. 	PRÉSIDENCE DE M. EMMERY. 	1790-10-09
19	38	ASSEMBLÉE NATIONALE. 	PRÉSIDENCE DE M. EMMERY. 	1790-10-09
19	39	ASSEMBLÉE NATIONALE. 	PRÉSIDENCE DE M. MERLIN.	1790-10-10
19	40	ASSEMBLÉE NATIONALE. 	PRÉSIDENCE DE M. MERLIN.	1790-10-11
19	41	ASSEMBLÉE NATIONALE. 	PRESIDENCE DE M.MERIN 	1790-10-11
19	42	ASSEMBLÉE NATIONALE. 	PRÉSIDENCE DE M. MERLIN.	1790-10-12
19	43	ASSEMBLÉE NATIONALE. 	PRÉSIDENCE DE M. MERLIN ET DE M. TREILHARD, PRÉSIDENT, 	1790-10-12
19	44	ASSEMBLÉE NATIONALE. 	PRÉSIDENCE DE M. MERLIN. 	1790-10-13
19	45	ASSEMBLÉE NATIONALE. 	PRÉSIDENCE DE M. MERLIN. 	1790-10-13
19	46	ASSEMBLÉE NATIONALE. 	PRÉSIDENCE DE M. MERLIN. 	1790-10-14
19	47	ASSEMBLÉE NATIONALE. 	PRÉSIDENCE DE M. TREILHARD, EX-PRÉSIDENT. 	1790-10-14
19	48	ASSEMBLÉE NATIONALE. 	PRÉSIDENCE DE M. MERLIN.	1790-10-15
19	49	ASSEMBLÉE NATIONALE. 	PRÉSIDENCE DE M. MERLIN.	1790-10-15
19	50	ASSEMBLÉE NATIONALE. 	présidence de tyu merlin.	1790-10-10
19	51	ASSEMBLÉE NATIONALE. 	PRÉSIDENCE DE M. MERLIN.	1790-10-16
19	52	ASSEMBLÉE NATIONALE. 	PRÉSIDENCE DE M. MERLIN. 	1790-10-17
19	53	ASSEMBLÉE NATIONALE. 	PRÉSIDENCE DE M. MERLIN. 	1790-10-18
19	54	ASSEMBLÉE NATIONALE. 	PRÉSIDENCE DE M. MERLIN. 	1790-10-19
19	55	ASSEMBLÉE NATIONALE. 	PRÉSIDENCE DE M. MERLIN.	1790-10-19
19	56	ASSEMBLÉE NATIONALE. 	PRÉSIDENCE DE M. MERLIN. 	1790-10-20
19	57	ASSEMBLÉE NATIONALE. 	PRÉSIDENCE DE M. MERLIN. 	1790-10-21
19	58	ASSEMBLÉE NATIONALE. 	PRÉSIDENCE DE M. TREILHARD, EX-PRÉSIDENT. 	1790-10-21
19	59	ASSEMBLÉE NATIONALE. 	PRÉSIDENCE DE M. MERLIN.	1790-10-22
19	60	ASSEMBLÉE NATIONALE. 	PRÉSIDENCE DE M. MERLIN.	1790-10-23
20	1	ASSEMBLÉE NATIONALE. 	PRÉSIDENCE DE M. MERLIN.	1790-10-23
20	2	ASSEMBLÉE NATIONALE.	 PRÉSIDENCE DE M. MERLIN.	1790-10-24
20	3	ASSEMBLÉE NATIONALE.	 PRÉSIDENCE DE M. MERLIN, PUIS DE M. BARNAVE.	1790-10-25
20	4	ASSEMBLÉE NATIONALE.	PRÉSIDENCE DE M. BARNAVE.	1790-10-26
20	5	ASSEMBLÉE NATIONALE.	PRÉSIDENCE DE M. BARNAVE.	1790-10-26
20	6	ASSEMBLÉE NATIONALE.	PRÉSIDENCE DE M. BARNAVE.	1790-10-27
20	7	ASSEMBLÉE NATIONALE.	PRESIDENCE DE M. BARNAVE.	1790-10-28
20	8	ASSEMBLÉE NATIONALE.	PRESIDENCE DE M. BARNAVE.	1790-10-28
20	9	ASSEMBLÉE NATIONALE.	PRÉSIDENCE DE M. BARNAVE.	1790-10-29
20	10	ASSEMBLÉE NATIONALE. 	PRÉSIDENCE DE M. BARNAVE. 	1790-10-30
20	11	ASSEMBLÉE NATIONALE. 	PRÉSIDENCE DE M. BARNAVE. 	1790-10-30
20	12	ASSEMBLÉE NATIONALE. 	PRÉSIDENCE DE M. BARNAVE.	1790-10-31
20	13	ASSEMBLÉE NATIONALE. 	PRÉSIDENCE DE M. BARNAVE.	1790-11-02
20	14	ASSEMBLÉE NATIONALE. 	 PRÉSIDENCE DE M. BARNAVE. 	1790-11-02
20	15	ASSEMBLÉE NATIONALE. 	PRÉSIDENCE DE M. BARNAVE..	1790-11-03
20	16	ASSEMBLÉE NATIONALE. 	PRÉSIDENCE DË M. BARNAVE. 	1790-11-04
20	17	ASSEMBLÉE NATIONALE. 	présidence de M. Barnave, président, et de M. merlin, viee-prêsident, 	1790-11-04
20	18	ASSEMBLÉE NATIONALE. 	PRÉSIDENCE DE M. BARNAVE. 	1790-11-05
20	19	ASSEMBLÉE NATIONALE. 	PRÉSIDENCE DE M. BARNAVE.	1790-11-06
20	20	ASSEMBLÉE NATIONALE.	 PRÉSIDENCE DE M. BARNAVE.	1790-11-06
20	21	ASSEMBLÉE NATIONALE. 	PRÉSIDENCE DE M. BARNAVE. 	1790-11-07
20	22	ASSEMBLÉE NATIONALE. 	PRÉSIDENCE DE M. CHASSET. 	1790-11-08
20	23	ASSEMBLÉE NATIONALE. 	présidence de m. chasset.	1790-11-09
20	24	ASSEMBLÉE NATIONALE.	 PRÉSIDENCE DE M. CHASSET.	1790-11-09
20	25	ASSEMBLÉE NATIONALE. 	PRÉSIDENCE DE M. CHASSET. 	1790-11-10
20	26	ASSEMBLÉE NATIONALE. 	PRESIDENCE DE M. CHASSET. 	1790-11-11
20	27	ASSEMBLÉE NATIONALE. 	présidence de m. chasset.	1790-11-11
20	28	ASSEMBLÉE NATIONALE. 	PRESIDENCE DE M. CHASSET. 	1790-11-12
20	29	ASSEMBLÉE NATIONALE. 	présidence de m. chasset.	1790-11-13
20	30	ASSEMBLÉE NATIONALE. 	présidence de m. chasset. 	1790-11-13
20	31	ASSEMBLÉE NATIONALE. 	PRÉSIDENCE DE M CHASSET. 	1790-11-14
20	32	ASSEMBLÉE NATIONALE. 	présidence de m. ciiasset.	1790-11-15
20	33	ASSEMBLÉE NATIONALE. 	PRÉSIDENCE DE M. CHASSET. 	1790-11-16
20	34	ASSEMBLÉE NATIONALE. 	PRÉSIDENCE DE m. CHASSET.	1790-11-16
20	35	ASSEMBLÉE NATIONALE. 	PRÉSIDENCE DE M. CHASSET.	1790-11-17
20	36	ASSEMBLÉE NATIONALE. 	PRÉSIDENCE DE M. CHASSET. 	1790-11-18
20	37	ASSEMBLÉE NATIONALE. 	PRÉSIDENCE DE M. CHASSET. 	1790-11-18
20	38	ASSEMBLÉE NATIONALE. 	PRÉSIDENCE DE M. CHASSET. 	1790-11-19
20	39	ASSEMBLÉE NATIONALE. 	PRÉSIDENCE DE M. CHASSET. 	1790-11-20
20	40	ASSEMBLÉE NATIONALE.	présidence de m. chasset. 	1790-11-20
20	41	ASSEMBLÉE NATIONALE.	 PRÉSIDENCE DE M. ALEXANDRE DE LAMETH.	1790-11-21
20	42	ASSEMBLÉE NATIONALE. 	PRÉSIDENCE DE M. ALEXANDRE DE LAMETH.	1790-11-22
20	43	ASSEMBLÉE NATIONALE. 	PRÉSIDENCE DE M. ALEXANDRE DE LAHETH. 	1790-11-22
20	44	ASSEMBLÉE NATIONALE. 	PRÉSIDENCE DE M. ALEXANDRE DE LAMETH. 	1790-11-23
20	45	ASSEMBLÉE NATIONALE. 	PRÉSIDENCE DE M. ALEXANDRE DE LAMETH. 	1790-11-23
20	46	ASSEMBLÉE NATIONALE. 	présidence de m. alexandre de lameth. 	1790-11-24
20	47	ASSEMBLÉE NATIONALE. 	présidence de m. alexandre dè lameth. 	1790-11-25
20	48	ASSEMBLÉE NATIONALE. 	PRÉSIDENCE DE M. ALEXANDRE DE LAMETH.	1790-11-25
20	49	ASSEMBLÉE NATIONALE. 	PRÉSIDENCE DE M. ALEXANDRE DE LAMETH.	1790-11-26
21	1	ASSEMBLÉE NATIONALE.	présidence de M. alexandre de lameth.	1790-11-26
21	2	ASSEMBLÉE NATIONALE.	présidence de m. alexandre de lameth.	1790-11-27
21	3	ASSEMBLÉE NATIONALE. 	PRÉSIDENCE DE M. ALEXANDRE DE LÀMETH. 	1790-11-27
21	4	ASSEMBLÉE NATIONALE.	 PRÉSIDENCE DE M. ALEXANDRE DE LAMETH.	1790-11-28
21	5	ASSEMBLÉE NATIONALE. 	PRÉSIDENCE DE M. ALEXANDRE DE LAMETII.	1790-11-29
21	6	ASSEMBLÉE NATIONALE. 	PRÉSIDENCE DE M. ALEXANDRE DE LAMETH.	1790-11-30
21	7	ASSEMBLÉE NATIONALE. 	PRÉSIDENCE DE M. TREILHARD, ANCIEN PRÉSIDENT. 	1790-11-30
21	8	ASSEMBLÉE NATIONALE. 	PRÉSIDENCE DE M. ALEXANDRE DE LAMETH. 	1790-12-01
21	9	ASSEMBLÉE NATIONALE. 	PRÉSIDENCE DE M. ALEXANDRE DË LAMETH.	1790-12-02
21	10	ASSEMBLÉE NATIONALE. 	PRÉSIDENCE DE M. ALEXANDRE DE LAMETH. 	1790-12-02
21	11	 ASSEMBLÉE NATIONALE. 	présidence de m. alexandre de lameth. 	1790-12-03
21	12	ASSEMBLÉE NATIONALE. 	PRÉSIDENCE DE M. ALEXANDRE DE LAMETH. 	1790-12-04
21	13	ASSEMBLÉE NATIONALE. 	PRESIDENCE DE M, ALEXANDRE DE LAMETH.	1790-12-04
21	14	ASSEMBLÉE NATIONALE. 	présidence de m. pétion. 	1790-12-05
21	15	ASSEMBLÉE NATIONALE. 	PRÉSIDENCE DE M. PÉTION» 	1790-12-06
21	16	ASSEMBLÉE NATIONALE. 	présidence de m. pétion.	1790-12-06
21	17	ASSEMBLÉE NATIONALE.	présidence de m. pétion.	1790-12-07
21	18	ASSEMBLÉE NATIONALE. 	présidence de m. pétion.	1790-12-07
21	19	ASSEMBLÉE NATIONALE. 	présidence de m. pétion. 	1790-12-08
21	20	ASSEMBLÉE NATIONALE. 	PRÉSIDENCE DE M. PÉT10N. 	1790-12-09
21	21	ASSEMBLÉE NATIONALE. 	PRÉSIDENCE DE M. PÉTION. 	1790-12-09
21	22	ASSEMBLÉE NATIONALE. 	PRÉSIDENCE DE M. PÉTION. 	1790-12-10
21	23	ASSEMBLÉE NATIONALE. 	PRÉSIDENCE DE M. PÉTION. 	1790-12-01
21	24	ASSEMBLÉE NATIONALE. 	PRÉSIDENCE DE M. PÉTION.	1790-12-11
21	25	ASSEMBLÉE NATIONALE. 	PRÉSIDENCE DE M. PÉTION. 	1790-12-12
21	26	ASSEMBLÉE NATIONALE. 	PRÉSIDENCE DE M. PÉTION. 	1790-12-13
21	27	ASSEMBLÉE NATIONALE. 	PRÉSIDENCE DE M. PÉTION. 	1790-12-14
21	28	ASSEMBLÉE NATIONALE. 	PRÉSIDENCE DE M. PÉTION. 	1790-12-14
21	29	ASSEMBLÉE NATIONALE. 	PRÉSIDENCE DE M1. PÉT3QN. 	1790-12-15
21	30	ASSEMBLÉE NATIONALE. 	PRÉSIDENCE DE M- PÉTION. 	1790-12-16
21	31	ASSEMBLÉE NATIONALE. 	PRÉSIDENCE DE M. D'ANDRÉ, EX-PRESIDENT. 	1790-12-16
21	32	ASSEMBLÉE NATIONALE. 	PRÉSIDENCE DE M. PÉTION. 	1790-12-17
21	33	ASSEMBLÉE NATIONALE. 	PRÉSIDENCE DE M. PÉTION. 	1790-12-18
21	34	ASSEMBLÉE NATIONALE. 	PRÉSIDENCE DE M. D'ANDRÉ, EX-PRÉSIDENT.	1790-12-18
21	35	ASSEMBLÉE NATIONALE. 	présidence de m. pétion. 	1790-12-19
21	36	ASSEMBLÉE NATIONALE.	 PRÉSIDENCE DB M- PETIÙÈf.	1790-12-20
21	37	ASSEMBLÉE NATIONALE. 	PRÉSIDENCE DE M. D'ANDRÉ, EX-PRÉSÏDENT.	1790-12-20
21	38	ASSEMBLÉE NATIONALE.	 PRÉSIDENCE DE M. PÉTION»	1790-12-21
21	39	ASSEMBLÉE NATIONALE.	 PRÉSIDENCE DE M. PÉTION. Séance du mardi 21 décembre 1790 au soir (2). 	1790-12-21
21	40	ASSEMBLÉE NATIONALE.	PRÉSIDENCE DE M. D'ANDRÉ.	1790-12-22
21	41	ASSEMBLÉE NATIONALE.	PRÉSIDENCE DE m. D'ANDRÉ. Séance du jeudi 23
                            décembre 1790, au matin (1). 	1790-12-23
21	42	ASSEMBLÉE NATIONALE.	PRÉSIDENCE DE M. D'ANDRÉ.	1790-11-23
21	43	ASSEMBLÉE NATIONALE.	PRÉSIDENCE DE M. D'ANDRÉ.	1790-12-24
21	44	ASSEMBLÉE NATIONALE.	PRÉSIDENCE DE M. D'ANDRÉ.	1790-12-24
21	45	ASSEMBLÉE NATIONALE.	PRÉSIDENCE DE SI. D'ANDRÉ.	1790-12-26
21	46	ASSEMBLÉE NATIONALE.	présidence de m. d'andré.	1790-12-27
21	47	ASSEMBLÉE NATIONALE.	présidence de m.d'andré.	1790-12-28
21	48	ASSEMBLÉE NATIONALE.	PRESIDENCE DE M. D'ANDRE ET DE M. TREILHARD.	1790-12-28
21	49	ASSEMBLÉE NATIONALE.	PRÉSIDENCE DE M. D'ANDRÉ.	1790-12-29
21	50	ASSEMBLÉE NATIONALE.	PRÉSIDENCE DE M- D'ANORÉ.	1790-12-30
21	51	ASSEMBLÉE NATIONALE. 	PRÉSIDÉNCE DE M. DÁNDRE.	1790-12-30
21	52	ASSEMBLÉE NATIONALE.	présidence de m, d'anphé»	1790-12-31
21	53	ASSEMBLÉE NATIONALE.	présidence de m. treilhard, ex-président.	1790-12-31
21	54	ASSEMBLÉE NATIONALE. 	PRÉSIDENCE DE M. D'ANDRÉ.	1791-01-01
21	55	ASSEMBLÉE NATIONALE. 	PRÉSIDENCE DE Mi n'A'NDRÉ. 	1791-01-02
22	1	ASSEMBLÉE NATIONALE. 	PRÉSIDENCE DE M. D'ANDRÉ. 	1790-01-03
22	2	ASSEMBLÉE NATIONALE. 	PRÉSIDENCE DE M. EMMERY, 	1791-01-04
22	3	ASSEMBLÉE NATIONALE. 	PRÉSIDENCE DE M. EMMERY. 	1791-01-05
22	4	ASSEMBLÉE NATIONALE. 	PRÉSIDENCE DE M. EMMERY.	1791-01-06
22	5	ASSEMBLÉE NATIONALE. 	PRÉSIDENCE DE M. EMMERY. 	1791-01-07
22	6	ASSEMBLÉE NATIONALE. 	PRÉSIDENCE DE M. D'ANDRÉ, EX-PRÉSIDENT.	1791-01-08
22	7	ASSEMBLÉE NATIONALE. 	PRÉSIDENCE DE M. EMMERY.	1791-01-08
22	8	ASSEMBLÉE NATIONALE. 	PRÉSIDENCE DE M. EMMEJRY.	1791-01-09
22	9	ASSEMBLÉE NATIONALE. 	PRÉSIDENCE DE M. EMMERY. 	1791-01-10
22	10	ASSEMBLÉE NATIONALE. 	PRÉSIDENCE DE M. EMMERY.	1791-01-11
22	11	ASSEMBLÉE NATIONALE. 	PRÉSIDENCE DE M. EMMERY. 	1791-01-11
22	12	ASSEMBLÉE NATIONALE. 	PRESIDENCE DE M.EMMERY. 	1791-01-12
22	13	ASSEMBLÉE NATIONALE. 	PRÉSIDENCE DE M. EMMERY.	1791-01-13
22	14	ASSEMBLÉE NATIONALE. 	PRÉSIDENCE DE M. EMMERY. 	1791-01-13
22	15	ASSEMBLÉE NATIONALE. 	PRÉSIDENCE DE M. D'ANDRÉ, EX-PRÉSIDENT. 	1791-01-14
22	16	 ASSEMBLÉE NATIONALE. 	 PRÉSIDENCE DE M. EMMERY. 	1791-01-15
22	17	ASSEMBLÉE NATIONALE. 	PRÉSIDENCE DE M. EMMERY. 	1791-01-15
22	18	ASSEMBLÉE NATIONALE.	PRÉSIDENCE DE M. EMMERY.	1791-01-16
22	19	ASSEMBLÉE NATIONALE.	PRÉSIDENCE DE M. EMMERY.	1791-01-17
22	20	ASSEMBLÉE NATIONALE. 	PRÉSIDENCE DE M. EMMERY. 	1791-01-18
22	21	ASSEMBLÉE NATIONALE. 	PRÉSIDENCE DE M. L'ABBÉ GREGOIRE. 	1791-01-18
22	22	ASSEMBLÉE NATIONALE. 	PRÉSIDENCE DE M. L'ABBÉ GRÉGOIRE. 	1791-01-19
22	23	ASSEMBLÉE NATIONALE. 	PRÉSIDENCE DE M. L'ABBÉ GREGOIRE. 	1791-01-20
22	24	ASSEMBLÉE NATIONALE. 	PRÉSIDENCE DE M. L'ABBÉ GREGOIRE. 	1791-01-20
22	25	ASSEMBLÉE NATIONALE. 	PRÉSIDENCE DE M. L'ABBÉ GBEGOIRE. 	1791-01-21
22	26	ASSEMBLÉE NATIONALE. 	PRÉSIDENCE DÉ M. L'ABBÉ GRÉGOIRE. 	1791-01-22
22	27	ASSEMBLÉE NATIONALE. 	PRÉSIDENCE DE M L'ABBÉ GRÉGOIRE. 	1791-01-22
22	28	ASSEMBLÉE NATIONALE.	 PRÉSIDENCE DE M. L'ABBÉ GREGOIRE.	1791-02-23
22	29	ASSEMBLÉE NATIONALE.	 PRÉSIDENCE DE M. L'ABBÉ GREGOIRE.	1791-01-24
22	30	ASSEMBLÉE NATIONALE.	 PRÉSIDENCE DE M. L'ABBÉ GRÉGOIRE	1791-01-25
22	31	ASSEMBLÉE NATIONALE. 	PRÉSIDENCE DE M. L'ABBÉ GREGOIRE.	1791-01-25
22	32	ASSEMBLÉE NATIONALE.	 PRÉSIDENCE DE M. L'ABBÉ GREGOIRE.	1791-01-26
22	33	ASSEMBLÉE NATIONALE.	PRESIDENCE DE M. L'ABBE GREGOIRE.	1791-01-27
22	34	ASSEMBLÉE NATIONALE. 	PRÉSIDENCE DE M. L'ABBÉ GREGOIRE. 	1791-01-27
22	35	ASSEMBLÉE NATIONALE. 	PRÉSIDENCE DE M. L'ABBÉ GREGOIRE. 	1791-01-28
22	36	ASSEMBLÉE NATIONALE. 	PRÉSIDENCE DE M. L'ABBÉ GREGOIRE.	1791-01-29
22	37	ASSEMBLÉE NATIONALE. 	PRÉSIDENCE DE M. L'ABBÉ GREGOIRE. 	1791-01-29
22	38	ASSEMBLÉE NATIONALE. 	PRÉSIDENCE DE M. DE MIRABEAU	1791-01-30
22	39	ASSEMBLÉE NATIONALE. 	PRÉSIDENCE DE M. DE MIRABEAU	1791-01-31
22	40	ASSEMBLÉE NATIONALE.	PRÉSIDENCE DE M. DE MIRABEAU.	1791-02-01
22	41	ASSEMBLÉE NATIONALE.	PRÉSIDENCE DE M. DE MIRABEAU.	1791-02-01
22	42	ASSEMBLÉE NATIONALE. 	PRÉSIDENCE DE M. DE MIRABEAU. 	1791-02-02
22	43	ASSEMBLÉE NATIONALE.	 PRÉSIDENCE DE M. DE MIRABEAU. 	1791-02-03
22	44	ASSEMBLÉE NATIONALE. 	PRÉSIDENCE DE M. DE MIRABEAU. 	1791-02-03
22	45	ASSEMBLÉE NATIONALE.	PRÉSIDENCE DÈ M. DE MIRABEAU.	1791-01-04
22	46	ASSEMBLÉE NATIONALE.	PRESIDENCE DE M.DE MIRABEAU. 	1791-02-05
22	47	ASSEMBLÉE NATIONALE.	PRESIDENCE DE M. DE MIRABEAU. 	1791-02-05
23	1	ASSEMBLÉE NATIONALE. 	n/a	1791-02-06
23	2	ASSEMBLÉE NATIONALE.	n/a	1791-02-07
23	3	ASSEMBLÉE NATIONALE. 	n/a	1791-02-08
23	4	ASSEMBLÉE NATIONALE. 	n/a	1791-02-08
23	5	ASSEMBLÉE NATIONALE. 	n/a	1791-02-09
23	6	ASSEMBLÉE NATIONALE. 	n/a	1791-02-10
23	7	ASSEMBLÉE NATIONALE. 	n/a	1791-02-10
23	8	ASSEMBLÉE NATIONALE. 	n/a	1791-02-11
23	9	ASSEMBLÉE NATIONALE. 	ANNEXE 	1791-02-12
23	10	ASSEMBLÉE NATIONALE. 	n/a	1791-02-13
23	11	ASSEMBLÉE NATIONALE. 	n/a	1791-02-14
23	12	ASSEMBLÉE NATIONALE. 	n/a	1791-02-14
23	13	ASSEMBLÉE NATIONALE. 	n/a	1791-02-15
23	14	ASSEMBLÉE NATIONALE. 	ANNEXE 	1791-02-15
23	15	ASSEMBLÉE NATIONALE. 	n/a	1791-02-16
23	16	ASSEMBLÉE NATIONALE. 	n/a	1791-02-17
23	17	ASSEMBLÉE NATIONALE. 	PREMIÈRE ANNEXE 	1791-02-17
23	18	ASSEMBLÉE NATIONALE.	n/a	1791-02-18
23	19	ASSEMBLÉE NATIONALE. 	ANNEXE 	1798-02-19
23	20	ASSEMBLÉE NATIONALE.	Annexes	1791-02-19
23	21	ASSEMBLÉE NATIONALE. 	n/a	1791-02-20
23	22	ASSEMBLÉE NATIONALE. 	B. 	1791-02-21
23	23	ASSEMBLÉE NATIONALE. 	n/a	1791-02-22
23	24	ASSEMBLÉE NATIONALE. 	n/a	1791-02-22
23	25	ASSEMBLÉE NATIONALE. 	ANNEXE	1791-02-23
23	26	ASSEMBLÉE NATIONALE.	n/a	1791-02-23
23	27	ASSEMBLÉE NATIONALE.	n/a	1791-02-24
23	28	ASSEMBLÉE NATIONALE. 	n/a	1791-02-24
23	29	ASSEMBLÉE NATIONALE. 	ANNEXE 	1791-02-25
23	30	ASSEMBLÉE NATIONALE. 	ANNEXE 	1791-02-26
23	31	ASSEMBLÉE NATIONALE. 	PREMIÈRE ANNEXE 	1791-02-26
23	32	ASSEMBLÉE NATIONALE. 	n/a	1791-02-27
23	33	ASSEMBLÉE NATIONALE. 	PREMIÈRE ANNEXE 	1791-02-18
23	34	ASSEMBLÉE NATIONALE. 	n/a	1791-03-01
23	35	ASSEMBLÉE NATIONALE. 	n/a	1791-03-01
23	36	ASSEMBLÉE NATIONALE. 	A	1791-03-02
23	37	ASSEMBLÉE NATIONALE. 	n/a	1791-03-03
23	38	ASSEMBLÉE NATIONALE.	n/a	1791-03-03
23	39	ASSEMBLÉE NATIONALE. 	n/a	1791-03-4
23	40	ASSEMBLÉE NATIONALE. 	ANNEXE 	1791-03-05
23	41	ASSEMBLÉE NATIONALE. 	n/a	1791-03-05
23	42	ASSEMBLÉE NATIONALE. 	n/a	1791-03-06
23	43	ASSEMBLÉE NATIONALE. 	ANNEXE 	1791-03-07
23	44	ASSEMBLÉE NATIONALE. 	n/a	1791-03-07
23	45	ASSEMBLÉE NATIONALE. 	n/a	1791-03-08
23	46	ASSEMBLÉE NATIONALE. 	n/a	1791-03-09
23	47	ASSEMBLÉE NATiONALE. 	n/a	1791-03-09
24	1	ASSEMBLÉE NATIONALE.	PRÉSIDENCE DE M. DE NOAILES.	1791-05-10
24	2	ASSEMBLÉE NATIONALE.	PRÉSIDENCE DE M. DE NOAILLES.	1791-03-10
24	3	ASSEMBLÉE NATIONALE.	PRÉSIDENCE DE M. DE NOAILLES.	1791-03-11
24	4	ASSEMBLÉE NATIONALE.	PRÉSIDENCE DE M. DE NOAILLES.	1791-03-12
24	5	ASSEMBLÉE NATIONALE.	PRÉSIDENCE DE M. DE NOAILLES. 	1791-03-12
24	6	ASSEMBLÉE NATIONALE.	PRÉSIDENCE DE M. DE NOAILLES.	1791-03-13
24	7	ASSEMBLÉE NATIONALE.	PRÉSIDENCE DE M. DE MONTESQUIOU.	1791-03-14
24	8	ASSEMBLÉE NATIONALE.	PRÉSIDENCE DE M. DE MONTESQUIOU.	1791-03-15
24	9	ASSEMBLÉE NATIONALE.	PRÉSIDENCE DE M. DE MONTESQUIOU.	1791-03-15
24	10	ASSEMBLÉE NATIONALE.	PRÉSIDENCE DE M. DE MONTESQUIOU.	1791-03-16
24	11	ASSEMBLÉE NATIONALE.	PRÉSIDENCE DE M. DE MONTESQUIOU.	1791-03-17
24	12	ASSEMBLÉE NATIONALE.	PRÉSIDENCE DE M. DE MONTESQUIOU.	1791-03-17
24	13	ASSEMBLÉE NATIONALE.	PRÉSIDENCE DE M. DE MONTESQUIOU.	1791-03-18
24	14	ASSEMBLÉE NATIONALE.	PRÉSIDENCE DE M. DE MONTESQUIOU.	1791-03-19
24	15	ASSEMBLÉE NATIONALE.	PRÉSIDENCE DE M. DE MONTESQUIOU.	1791-03-19
24	16	ASSEMBLÉE NATIONALE.	PRÉSIDENCE DE M. DE MONTESQUIOU.	1791-03-20
24	17	ASSEMBLÉE NATIONALE.	PRÉSIDENCE DE M. DE MONTESQUIOU.	1791-03-21
24	18	ASSEMBLÉE NATIONALE.	PRÉSIDENCE DE M. DE MONTESQUIOU.	1791-03-22
24	19	ASSEMBLÉE NATIONALE.	PRÉSIDENCE DE M. DE MONTESQUIOU.	1791-03-22
24	20	ASSEMBLÉE NATIONALE.	PRÉSIDENCE DE M. DE MONTESQUIOU.	1791-03-22
24	21	ASSEMBLÉE NATIONALE.	PRÉSIDENCE DE M. DE MONTESQUIOU	1791-03-23
24	22	ASSEMBLÉE NATIONALE.	PRÉSIDENCE DE M. DE MONTESQUIOU.	1791-03-24
24	23	ASSEMBLÉE NATIONALE.	PRÉSIDENCE DE M. DE MONTESQUIOU.	1791-03-24
24	24	ASSEMBLÉE NATIONALE.	PRÉSIDENCE DE M. DE MONTESQUIOU.	1791-03-25
24	25	ASSEMBLÉE NATIONALE.	PRÉSIDENCE DE M. DE MONTESQUIOU.	1791-05-26
24	26	ASSEMBLÉE NATIONALE.	PRÉSIDENCE DE M. DE MONTESQUIOU.	1791-03-26
24	27	ASSEMBLÉE NATIONALE.	PRÉSIDENCE DE M. DE MONTESQUIOU.	1791-03-27
24	28	ASSEMBLÉE NATIONALE.	 PRÉSIDENCE DE M. DE MONTESQUIOU	1791-03-28
24	29	ASSEMBLÉE NATIONALE.	PRÉSIDENCE DE M. DE MONTESQUIOU.	1791-03-29
24	30	ASSEMBLÉE NATIONALE.	PRÉSIDENCE DE M. DE MONTESQUIOU.	1791-03-29
24	31	ASSEMBLÉE NATIONALE.	PRÉSIDENCE DE M. TRONCHET.	1791-03-30
24	32	ASSEMBLÉE NATIONALE.	PRÉSIDENCE DE M. TRONCHET.	1791-03-31
24	33	ASSEMBLÉE NATIONALE.	PRÉSIDENCE DE M. TREILHARD, EX-PRÉSIDENT.	1791-03-31
24	34	ASSEMBLÉE NATIONALE.	PRÉSIDENCE DE M. TRONCHET.	1791-04-01
24	35	ASSEMBLÉE NATIONALE.	PRÉSIDENCE DE M. TRONCHET.	1791-04-02
24	36	ASSEMBLÉE NATIONALE.	PRÉSIDENCE DE M. DE MONTESQUIOU.	1791-04-2
24	37	ASSEMBLÉE NATIONALE.	PRÉSIDENCE DE M. TRONCHET.	1791-04-03
24	38	ASSEMBLÉE NATIONALE.	PRÉSIDENCE DE U. TRONCHET.	1791-04-04
24	39	ASSEMBLÉE NATIONALE.	PRÉSIDENCE DE M. TRONCHET.	1791-04-04
24	40	ASSEMBLÉE NATIONALE.	PRÉSIDENCE DE M. DE JESSÉ, EX-PRÉSIDENT.	1791-04-05
24	41	ASSEMBLÉE NATIONALE.	PRÉSIDENCE DE M. TREILHARD, EX-PRÉSIDENT.	1791-04-05
24	42	ASSEMBLÉE NATIONALE.	PRÉSIDENCE DE M. TRONCHET.	1791-04-06
24	43	ASSEMBLÉE NATIONALE.	PRÉSIDENCE DE M. TRONCHET.	1791-04-07
24	44	ASSEMBLÉE NATIONALE.	PRÉSIDENCE DE M. TRONCHET.	1791-04-07
24	45	ASSEMBLÉE NATIONALE.	PRÉSIDENCE DE M. TRONCHET.	1791-04-08
24	46	ASSEMBLÉE NATIONALE.	PRÉSIDENCE DE M. TRONCHET.	1791-04-09
24	47	ASSEMBLÉE NATIONALE.	PRÉSIDENCE DE M. TREILHARD, EX-PRÉSIDENT.	1791-04-09
24	48	ASSEMBLÉE NATIONALE.	PRÉSIDENCE DE M. CHABROUD.	1791-04-10
24	49	ASSEMBLÉE NATIONALE.	PRÉSIDENCE DE M. CHABROUD.	1791-04-11
24	50	ASSEMBLÉE NATIONALE.	PRÉSIDENCE DE M. CHABROUD.	1791-04-12
24	51	ASSEMBLÉE NATIONALE.	PRÉSIDENCE DE M. CHABROUD.	1791-04-12
25	1	ASSEMBLÉE NATIONALE.	TITRE Ier.	1791-04-13
25	2	ASSEMBLÉE NATIONALE.	PRÉSIDENCE DE M. CHABROUD.	1791-04-14
25	3	ASSEMBLÉE NATIONALE.	PRÉSIDENCE DE M. CHABROUD.	1791-04-14
25	4	ASSEMBLÉE NATIONALE.	présidence de m. chabroud.	1791-04-15
25	5	ASSEMBLÉE NATIONALE.	présidence de M. chabroud.	1791-04-16
25	6	ASSEMBLÉE NATIONALE.	présidence de m. chabroud.	1791-04-17
25	7	ASSEMBLÉE NATIONALE.	présidence de m. chabroud.	1791-04-18
25	8	ASSEMBLÉE NATIONALE.	présidence de m. chabroud.	1791-04-19
25	9	ASSEMBLÉE NATIONALE.	présidence de m. chabroud.	1791-04-19
25	10	ASSEMBLÉE NATIONALE.	présidence de m. chabroud.	1791-04-20
25	11	ASSEMBLÉE NATIONALE.	présidence de m. chabroud.	1791-04-21
25	12	ASSEMBLÉE NATIONALE	présidence de m. chabroud.	1791-04-22
25	13	ASSEMBLÉE NATIONALE.	présidence de m. chabroud.	1791-04-23
25	14	ASSEMBLÉE NATIONALE.	TITRE Ier	1791-04-23
25	15	ASSEMBLÉE NATIONALE	n/a	1791-04-24
25	16	ASSEMBLÉE NATIONALE.	n/a	1791-04-25
25	17	ASSEMBLÉE NATIONALE.	n/a	1791-04-26
25	18	ASSEMBLÉE NATIONALE.	n/a	1791-04-27
25	19	ASSEMBLÉE NATIONALE.	n/a	1791-04-28
25	20	ASSEMBLÉE NATIONALE.	ANNEXE	1791-04-28
25	21	ASSEMBLÉE NATIONALE.	TITRE II.	1791-04-29
25	22	ASSEMBLÉE NATIONALE.	division du rapport.	1791-04-30
25	23	ASSEMBLÉE NATIONALE.	TITRE II.	1791-04-30
25	24	ASSEMBLÉE NATIONALE.	n/a	1791-05-01
25	25	ASSEMBLÉE NATIONALE.	ANNEXE	1791-05-02
25	26	ASSEMBLÉE NATIONALE.	n/a	1791-05-03
25	27	ASSEMBLÉE NATIONALE.	PREMIÈRE ANNEXE	1791-05-04
25	28	ASSEMBLÉE NATIONALE.	ANNEXE	1791-05-05
25	29	ASSEMBLÉE NATIONALE.	n/a	1791-05-05
25	30	ASSEMBLÉE NATIONALE.	ANNEXE	1791-05-06
25	31	ASSEMBLÉE NATIONALE.	n/a	1791-05-07
25	32	ASSEMBLÉE NATIONALE.	n/a	1791-05-07
25	33	ASSEMBLÉE NATIONALB	n/a	1791-05-08
25	34	ASSEMBLÉE NATIONALE.	n/a	1791-05-09
25	35	ASSEMBLÉE NATIONALE.	PREMIÈRE ANNEXE	1791-05-10
25	36	ASSEMBLÉE NATIONALE.	PREMIÈRE ANNEXE	1791-05-10
25	37	ASSEMBLÉE NATIONALE.	ANNEXE	1791-05-11
26	1	ASSEMBLÉE NATIONALE. 	PRÉSIDENCE DE M. D'ANDRÉ. 	1791-05-12
26	2	ASSEMBLÉE NATIONALE. 	PRÉSIDENCE DE M. D'ANDRÉ. 	1791-05-13
26	3	ASSEMBLÉE NATIONALE. 	PRÉSIDENCE DE M. D'ANDRÉ. 	1791-05-14
26	4	ASSEMBLÉE NATIONALE. 	PRÉSIDENCE DE M. TREILHARD, EX-PRÉSIDENT. 	1791-05-14
26	5	ASSEMBLÉE NATIONALE. 	PRÉSIDENCE DE M. D'ANDRÉ. 	1791-05-15
26	6	ASSEMBLÉE NATIONALE. 	PRÉSIDENCE DE M. D'ANDRÉ. 	1791-05-16
26	7	ASSEMBLÉE NATIONALE.	PRÉSIDENCE DE M. D'ANDRÉ. 	1791-05-17
26	8	ASSEMBLÉE NATIONALE. 	PRÉSIDENCE DE M. L'ABBÉ GRÉGOIRE, EX-PRÉSIDENT. 	1791-05-17
26	9	ASSEMBLÉE NATIONALE. 	PRÉSIDENCE DE M. D'ANDRÉ. 	1791-05-18
26	10	ASSEMBLÉE NATIONALE. 	PRÉSIDENCE DE M. D'ANDRÉ. 	1791-05-19
26	11	ASSEMBLÉE NATIONALE. 	PRÉSIDENCE DE M. CHABROUD, EX-PRÉSIDENT. 	1791-05-19
26	12	ASSEMBLÉE NATIONALE. 	PRÉSIDENCE DE M. D'ANDRÉ. 	1791-05-20
26	13	ASSEMBLÉE NATIONALE. 	PRÉSIDENCE DE M. CHABROUD, EX-PRÉSIDENT. 	1791-05-20
26	14	ASSEMBLÉE NATIONALE. 	PRÉSIDENCE DE M. D'ANDRÉ. 	1791-05-21
26	15	ASSEMBLÉE NATIONALE. 	PRÉSIDENCE DE M. EMMERY, EX-PRÉSIDENT. 	1791-05-21
26	16	ASSEMBLÉE NATIONALE. 	PRÉSIDENCE DE M. D'ANDRÉ. 	1791-05-22
26	17	ASSEMBLÉE NATIONALE. 	PRÉSIDENCE DE M. D'ANDRÉ. 	1791-05-23
26	18	ASSEMBLÉE NATIONALE. 	PRÉSIDENCE DE M. BUREAUX DE PUSY. 	1791-05-24
26	19	ASSEMBLÉE NATIONALE. 	PRÉSIDENCE DE M. TRONCHET,EX-PRÉSIDENT. 	1791-05-24
26	20	ASSEMBLÉE NATIONALE. 	PRÉSIDENCE DE M. TRONCHET, EX-PRÉSIDENT. 	1791-05-25
26	21	ASSEMBLÉE NATIONALE. 	PRÉSIDENCE DE M. BUREAUX DE PUSY. 	1791-05-26
26	22	ASSEMBLÉE NATIONALE. 	PRÉSIDENCE DE M. BUREAUX DE PUSY.	1791-05-26
26	23	ASSEMBLÉE NATIONALE. 	PRÉSIDENCE DE M. BUREAUX DE PUSY. 	1791-05-27
26	24	ASSEMBLÉE NATIONALE. 	PRÉSIDENCE DE M. BUREAUX DE PUSY. 	1791-05-28
26	25	ASSEMBLÉE NATIONALE. 	PRÉSIDENCE DE M. BUREAUX DE PUSY. 	1791-05-28
26	26	ASSEMBLÉE NATIONALE 	PRÉSIDENCE DE M. MERLIN, EX-PRÉSIDENT. 	1791-05-29
26	27	ASSEMBLÉE NATIONALE. 	PRÉSIDENCE DE M. BUREAUX DE PUSY. 	1791-05-30
26	28	ASSEMBLÉE NATIONALE. 	PRÉSIDENCE DE M. BUREAUX DE PUSY. 	1791-05-30
26	29	ASSEMBLÉE NATIONALE. 	PRÉSIDENCE DE M. BUREAUX DE PUSY. 	1791-05-31
26	30	ASSEMBLÉE NATIONALE. 	PRÉSIDENCE DE M. MERLIN, EX-PRÉSIDENT. 	1791-05-31
26	31	ASSEMBLÉE NATIONALE. 	PRÉSIDENCE DE M. BUREAUX DE PUSY.	1791-06-01
26	32	ASSEMBLÉE NATIONALE. 	PRÉSIDENCE DE M. BUREAUX DE PUSY. 	1791-06-01
26	33	ASSEMBLÉE NATIONALE. 	PRÉSIDENCE DE M. BUREAUX DE PUSY. 	1791-06-02
26	34	ASSEMBLÉE NATIONALE. 	PRÉSIDENCE DE M. BUREAUX DE PUSY. 	1791-06-03
26	35	ASSEMBLÉE NATIONALE. 	PRÉSIDENCE DE M. BUREAUX DE PUSY. 	1791-06-04
26	36	ASSEMBLÉE NATIONALE. 	PRÉSIDENCE DE M. MERLIN, EX-PRÉSIDENT. 	1791-06-04
26	37	ASSEMBLÉE NATIONALE. 	PRÉSIDENCE DE M. DE MENOU, EX-PRÉSIDENT. 	1791-06-05
27	1	ASSEMBLÉE NATIONALE. 	PRÉSIDENCE DE M. DAUCHY. 	1791-06-06
27	2	ASSEMBLÉE NATIONALE. 	PRÉSIDENCE DE M. DAUCHY. 	1791-06-06
27	3	ASSEMBLÉE NATIONALE. 	PRÉSIDENCE DE M. DAUCHY. 	1791-06-07
27	4	ASSEMBLÉE NATIONALE. 	PRÉSIDENCE DE M. DAUCHY. 	1791-06-07
27	5	ASSEMBLÉE NATIONALE. 	PRÉSIDENCE DE M. DAUCHY. 	1791-06-08
27	6	ASSEMBLÉE NATIONALE. 	PRÉSIDENCE DE M. DAUCHY	1791-06-09
27	7	ASSEMBLÉE NATIONALE. 	PRÉSIDENCE DE M. TREILHARD, EX-PRÉSIDENT. 	1791-06-09
27	8	ASSEMBLÉE NATIONALE. 	PRÉSIDENCE DE M. DAUCHY. 	1791-06-10
27	9	ASSEMBLÉE NATIONALE. 	PRÉSIDENCE DE M. DAUCHY. 	1791-06-11
27	10	ASSEMBLÉE NATIONALE. 	PRÉSIDENCE DE M. TREILHARD, EX-PRÉSIDENT. 	1791-06-11
27	11	ASSEMBLÉE NATIONALE. 	PRÉSIDENCE DE M. DAUCHY. 	1791-06-13
27	12	ASSEMBLÉE NATIONALE. 	PRÉSIDENCE DE M. DAUCHY. 	1791-06-14
27	13	ASSEMBLÉE NATIONALE. 	PRÉSIDENCE DE M. DAUCHY. 	1791-06-15
27	14	ASSEMBLÉE NATIONALE. 	PRÉSIDENCE DE M. DAUCHY. 	1791-06-15
27	15	ASSEMBLÉE NATIONALE. 	PRÉSIDENCE DE M. DAUCHY. 	1791-06-16
27	16	ASSEMBLÉE NATIONALE. 	PRÉSIDENCE DE M. TREILHARD, EX-PRÉSIDENT. 	1791-06-16
27	17	ASSEMBLÉE NATIONALE. 	PRÉSIDENCE DE M. DAUCHY. 	1791-06-17
27	18	ASSEMBLÉE NATIONALE. 	PRÉSIDENCE DE M. DAUCHY. 	1791-06-18
27	19	ASSEMBLÉE NATIONALE. 	PRÉSIDENCE DE M. DAUCHY. 	1791-06-18
27	20	ASSEMBLÉE NATIONALE.	 PRÉSIDENCE DE M. ALEXANDRE DE BEAUHARNAIS. 	1791-06-19
27	21	ASSEMBLÉE NATIONALE. 	PRÉSIDENCE DE M. ALEXANDRE DE BEACHARNAIS. 	1791-06-20
27	22	ASSEMBLÉE NATIONALE. 	PRÉSIDENCE DE M. ALEXANDRE DE BEAUHARNAIS. 	1791-06-21
27	23	ASSEMBLÉE NATIONALE. 	PRÉSIDENCE DE M. ALEXANDRE DE BEAUHARNAIS. 	1791-06-21
27	24	ASSEMBLÉE NATIONALE. 	PRÉSIDENCE DE M. ALEXANDRE DE BEAUHARNAIS. 	1791-06-21
27	25	ASSEMBLÉE NATIONALE. 	n/a	1791-06-21
27	26	ASSEMBLÉE NATIONALE. 	PRÉSIDENCE DE M. ALEXANDRE DE BEAUHARNAIS. 	1791-06-21
27	27	ASSEMBLÉE NATIONALE.	 PRÉSIDENCE DE M. ALEXANDRE DÊ BEAUHARNAIS. 	1791-06-26
27	28	ASSEMBLÉE NATIONALE. 	PRÉSIDENCE DE M. ALEXANDRE DE BEAUHARNAIS. 	1791-06-27
27	29	ASSEMBLÉE NATIONALE. 	PRÉSIDENCE DE M. ALEXANDRE DE BEAUHARNAIS. 	1791-06-27
27	30	ASSEMBLÉE NATIONALE.	 PRÉSIDENCE DE M. ALEXANDRE DE BEAUHARNAIS. 	1791-06-28
27	31	ASSEMBLÉE NATIONALE. 	PRÉSIDENCE DE M. ALEXANDRE DE BEAUHARNAIS. 	1791-06-28
27	32	ASSEMBLÉE NATIONALE. 	PRÉSIDENCE DE M. ALEXANDRE DE BEAUHARNAIS. 	1791-06-29
27	33	ASSEMBLÉE NATIONALE. 	PRÉSIDENCE DE M. ALEXANDRE DE BEAUHARNAIS. 	1791-06-30
27	34	ASSEMBLÉE NATIONALE. 	PRÉSIDENCE DE M. ALEXANDRE DE BEAUHARNAIS. 	1791-07-01
27	35	ASSEMBLÉE NATIONALE. 	PRÉSIDENCE DE M. ALEXANDRE DE BEAUHARNAIS. 	1791-07-02
27	36	ASSEMBLÉE NATIONALE. 	PRÉSIDENCE DE M. ALEXANDRE DE BEAUHARNAIS. 	1791-07-02
27	37	ASSEMBLÉE NATIONALE. 	PRÉSIDENCE DE M. CHARLES DE LAMETH. 	1791-07-03
27	38	ASSEMBLÉE NATIONALE. 	PRÉSIDENCE DE M. CHARLES DE LAMETH.	1791-07-04
27	39	ASSEMBLÉE NATIONALE. 	PRÉSIDENCE DE M. CHARLES DE LAMETH.	1791-07-05
27	40	ASSEMBLÉE NATIONALE. 	PRÉSIDENCE DE M. CHARLES DE LAMETH. 	1791-07-05
28	1	ASSEMBLÉE NATIONALE. 	PRÉSIDENCE DE M. CHARLES DE LAMETH. 	1791-07-06
28	2	ASSEMBLÉE NATIONALE. 	PRÉSIDENCE DE M. CHARLES DE LAMETH.	1791-07-07
28	3	ASSEMBLÉE NATIONALE. 	PRÉSIDENCE DE M. CHARLES DE LAMETH. 	1791-07-01
28	4	ASSEMBLÉE NATIONALE. 	PRÉSIDENCE DE M. CHARLES DE LAMETH.	1791-07-08
28	5	ASSEMBLÉE NATIONALE. 	PRÉSIDENCE DE M. CHARLES DE LAMETH. 	1791-07-09
28	6	ASSEMBLÉE NATIONALE. 	PRÉSIDENCE DE M. CHARLES DE LAMETH. 	1791-07-10
28	7	ASSEMBLÉE NATIONALE. 	PRÉSIDENCE DE M. CHARLES DE LAMETH. 	1791-07-11
28	8	ASSEMBLÉE NATIONALE. 	PRÉSIDENCE DE M. CHARLES DE LAMETH.	1791-07-12
28	9	ASSEMBLÉE NATIONALE. 	PRÉSIDENCE DE M. TREILHARD, EX-PRÉSIDENT. 	1791-07-12
28	10	ASSEMBLÉE NATIONALE. 	PRÉSIDENCE DE M. CHARLES DE LAMETH. 	1791-07-13
28	11	ASSEMBLÉE NATIONALE. 	PRÉSIDENCE DE M. CHARLES DE LAMETH. 	1791-07-14
28	12	ASSEMBLÉE NATIONALE. 	PRÉSIDENCE DE M. TRONCHET, EX-PRÉSIDENT. 	1791-07-14
28	13	ASSEMBLÉE NATIONALE. 	PRÉSIDENCE DE M. CHARLES DE LAMETH. 	1791-07-15
28	14	ASSEMBLÉE NATIONALE. 	PRÉSIDENCE DE M. CHARLES DE LAMETH.	1791-07-16
28	15	ASSEMBLÉE NATIONALE. 	PRÉSIDENCE DE M. CHARLES DE LAMETH. 	1791-07-16
28	16	ASSEMBLÉE NATIONALE. 	PRÉSIDENCE DE M. CHARLES DE LAMETH. 	1791-07-17
28	17	ASSEMBLÉE NATIONALE. 	PRÉSIDENCE DE M. CHARLES DE LAMETH. 	1791-07-18
28	18	ASSEMBLÉE NATIONALE.	PRÉSIDENCE DE M. DEFERMON.	1791-07-19
28	19	ASSEMBLÉE NATIONALE.	PRÉSIDENCE DE M. DEFERMON. 	1791-07-19
28	20	ASSEMBLÉE NATIONALE.	PRÉSIDENCE DE M. DEFERMON.	1791-07-20
28	21	ASSEMBLÉE NATIONALE.	PRÉSIDENCE DE M. DEFERMON.	1791-07-21
28	22	ASSEMBLÉE NATIONALE.	 PRÉSIDENCE DE M. DEFERMON. 	1791-07-21
28	23	ASSEMBLÉE NATIONALE. 	PRÉSIDENCE DE M. DEFERMON. 	1791-07-22
28	24	ASSEMBLÉE NATIONALE. 	PRÉSIDENCE DE M. DEFERMON. 	1791-07-23
28	25	ASSEMBLÉE NATIONALE. 	PRÉSIDENCE DE M. DEFERMON. 	1791-07-23
28	26	ASSEMBLÉE NATIONALE. 	PRÉSIDENCE DE M. DEFERMON. 	1791-07-24
28	27	ASSEMBLÉE NATIONALE. 	PRÉSIDENCE DE M. DEFERMON. 	1791-07-25
28	28	ASSEMBLÉE NATIONALE. 	PRÉSIDENCE DE M. DEFERMON.	1791-07-26
28	29	ASSEMBLÉE NATIONALE. 	PRÉSIDENCE DE M. DEFERMON.	1791-07-26
28	30	ASSEMBLÉE NATIONALE. 	PRÉSIDENCE DE M. DEFERMON. 	1791-07-27
28	31	ASSEMBLÉE NATIONALE. 	PRÉSIDENCE DE M. DEFERMON.	1791-07-27
28	32	ASSEMBLÉE NATIONALE. 	PRÉSIDENCE DE M. DEFERMON. 	1791-07-28
28	33	ASSEMBLÉE NATIONALE. 	PRÉSIDENCE DE M. DEFERMON. 	1791-07-28
29	1	ASSEMBLÉE NATIONALE. 	PRÉSIDENCE DE M. DEFERMON.	1791-07-29
29	2	ASSEMBLÉE NATIONALE. 	PRÉSIDENCE DE M. DEFERMON. 	1791-07-30
29	3	ASSEMBLÉE NATIONALE. 	PRÉSIDENCE DE M. DEFERMON. 	1791-07-30
29	4	ASSEMBLÉE NATIONALE.	PRÉSIDENCE DE M.ALEXANDRE DE BEAUHARNAIS.	1791-07-31
29	5	ASSEMBLÉE NATIONALE. 	PRÉSIDENCE DE M. ALEXANDRE DE BEAUHARNAIS. 	1791-08-01
29	6	ASSEMBLÉE NATIONALE. 	PRÉSIDENCE DE M. ALEXANDRE DE BEAUHARNAIS. 	1791-08-02
29	7	ASSEMBLÉE NATIONALE.	PRÉSIDENCE DE M. ALEXANDRE DE BEAUBARNAIS. 	1791-08-02
29	8	ASSEMBLÉE NATIONALE. 	PRÉSIDENCE DE M. ALEXANDRE DE BEAUHARNAIS.	1791-08-03
29	9	ASSEMBLÉE NATIONALE. 	PRÉSIDENCE DE M. ALEXANDRE DE BEAUHARNAIS. 	1791-08-04
29	10	ASSEMBLÉE NATIONALE. 	PRÉSIDENCE DE M. DUPONT (DE NEMOURS), EX-PRÉSIDENT. 	1791-08-04
29	11	ASSEMBLÉE NATIONALE. 	ANNEXE 	1791-08-05
29	12	ASSEMBLÉE NATIONALE. 	n/a	1791-08-06
29	13	ASSEMBLÉE NATIONALE. 	n/a	1791-08-06
29	14	ASSEMBLÉE NATIONALE.	n/a	1791-08-07
29	15	ASSEMBLÉE NATIONALE. 	PREMIÉRE ANNEXE 	1791-08-08
29	16	ASSEMBLÉE NATIONALE. 	PRÉSIDENCE DE M. ALEXANDRE DE BEAUHARNAIS.	1791-08-09
29	17	ASSEMBLÉE NATIONALE.	PRÉSIDENCE DE M. ALEXANDRE DE BEAUHARNAIS.	1791-08-09
29	18	ASSEMBLÉE NATIONALE.	n/a	1791-08-10
29	19	ASSEMBLÉE NATIONALE.	ANNEXE 	1791-08-11
29	20	ASSEMBLÉE NATIONALE.	PRÉSIDENCE DE M. ALEXANDRE DE BEAUHARNAIS. 	1791-08-12
29	21	ASSEMBLÉE NATIONALE. 	n/a	1791-08-13
29	22	ASSEMBLÉE NATIONALE. 	n/a	1791-08-13
29	23	ASSEMBLÉE NATIONALE. 	PRÉSIDENCE DE M. VICTOR DE BROGLIE. 	1791-08-14
29	24	ASSEMBLÉE NATIONALE. 	n/a	1791-08-15
29	25	ASSEMBLÉE NATIONALE. 	n/a	1791-08-16
29	26	ASSEMBLÉE NATIONALE	n/a	1791-08-16
29	27	ASSEMBLÉE NATIONALE. 	n/a	1791-08-17
29	28	ASSEMBLÉE NATIONALE. 	ANNEXE 	1791-08-18
29	29	ASSEMBLÉE NATIONALE. 	PRÉSIDENCE DE M. VICTOR DE BROGLIE. 	1791-08-19
29	30	ASSEMBLÉE NATIONALE. 	PRÉSIDENCE DE M. VICTOR BROLGLIE.	1791-08-20
29	31	ASSEMBLÉE NATIONALE. 	ANNEXE	1791-08-20
29	32	ASSEMBLÉE NATIONALE.	n/a	1791-08-21
29	33	ASSEMBLÉE NATIONALE.	n/a	1791-08-22
29	34	ASSEMBLÉE NATIONALE.	PREMIÈRE ANNEXE 	1791-08-23
29	35	ASSEMBLÉE NATIONALE. 	PRÉSIDENCE DE M. VICTOR BROGLIE. 	1791-08-24
29	36	ASSEMBLÉE NATIONALE. 	n/a	1791-08-25
29	37	ASSEMBLÉE NATIONALE. 	n/a	1791-08-26
29	38	ASSEMBLÉE NATIONALE. 	ANNEXE 	1791-08-27
29	39	ASSEMBLÉE NATIONALE. 	PRÉSIDENCE DE M. VICTOR DE BROGLIE. 	1791-08-27
30	1	ASSEMBLÉE NATIONALE. 	PRÉSIDENCE DE M. VERNIER. 	1791-08-28
30	2	ASSEMBLÉE NATIONALE. 	PRÉSIDENCE DE M. VERNIER. 	1791-08-29
30	3	ASSEMBLÉE NATIONALE. 	PRÉSIDENCE DE M. VERNIER. 	1791-08-30
30	4	ASSEMBLÉE NATIONALE. 	PRÉSIDENCE DE M. VERNIER. 	1791-08-30
30	5	ASSEMBLÉE NATIONALE. 	PRÉSIDENCE DE M. VERNIER. 	1791-08-31
30	6	ASSEMBLÉE NATIONALE. 	PRÉSIDENCE DE M. VERNIER. 	1791-09-01
30	7	ASSEMBLÉE NATIONALE. 	PRÉSIDENCE DE M. VERNIER. 	1791-09-02
30	8	ASSEMBLÉE NATIONALE. 	PRÉSIDENCE DE M. VERNIER. 	1791-09-03
30	9	ASSEMBLÉE NATIONALE. 	PRÉSIDENCE DE M. VERNIER. 	1791-09-04
30	10	ASSEMBLÉE NATIONALE. 	PRÉSIDENCE DE M. VERNIER. 	1791-09-05
30	11	ASSEMBLÉE NATIONALE. 	PRÉSIDENCE DE M. VERNIER 	1791-09-05
30	12	ASSEMBLÉE NATIONALE. 	PRÉSIDENCE DE M. VERNIER. 	1791-09-06
30	13	ASSEMBLÉE NATIONALE. 	PRÉSIDENCE DE M. VERNIER. 	1791-09-07
30	14	ASSEMBLÉE NATIONALE. 	PRÉSIDENCE DE M. VERNIER. 	1791-09-08
30	15	ASSEMBLÉE NATIONALE. 	PRÉSIDENCE DE M. VERNIER. 	1791-09-09
30	16	ASSEMBLÉE NATIONALE. 	PRÉSIDENCE DE M. VERNIER. 	1791-09-09
30	17	ASSEMBLÉE NATIONALE. 	PRÉSIDENCE DE M. VERNIER. 	1791-09-10
30	18	ASSEMBLÉE NATIONALE. 	PRÉSIDENCE DE M. VERNIER. 	1791-09-10
30	19	ASSEMBLÉE NATIONALE. 	PRÉSIDENCE DE M. THOURET.
       	1791-09-11
30	20	ASSEMBLÉE NATIONALE. 	PRÉSIDENCE DE M. THOURET.
     	1791-09-12
30	21	ASSEMBLÉE NATIONALE. 	PRÉSIDENCE DE M. THOURET.
     	1791-09-13
30	22	ASSEMBLÉE NATIONALE. 	PRÉSIDENCE DE M. THOURET.
     	1791-09-14
30	23	ASSEMBLÉE NATIONALE. 	PRÉSIDENCE DE M. THOURET.
     	1791-09-15
30	24	ASSEMBLÉE NATIONALE. 	PRÉSIDENCE DE M. TREILHÀRD, VICE-PRÉSIDENT. 	1791-09-15
30	25	ASSEMBLÉE NATIONALE. 	PRÉSIDENCE DE M. THOURET.
     	1791-09-16
30	26	ASSEMBLÉE NATIONALE. 	PRÉSIDENCE DE M. THOURET.
     	1791-09-17
31	1	ASSEMBLÉE NATIONALE. 	PRÉSIDENCE DE M. THOURET.	1791-09-17
31	2	ASSEMBLÉE NATIONALE. 	PRÉSIDENCE DE M. THOURET. 	1791-09-18
31	3	ASSEMBLÉE NATIONALE. 	PRÉSIDENCE DE M. THOURET. 	1791-09-19
31	4	ASSEMBLÉE NATIONALE. 	PRÉSIDENCE DE M. THOURET. 	1791-09-20
31	5	ASSEMBLÉE NATIONALE. 	PRÉSIDENCE DE M. ALEXANDRE DE BEAUHARNAIS. 	1791-09-20
31	6	ASSEMBLÉE NATIONALE.	PRÉSIDENCE DE M. THOURET.	1791-09-21
31	7	ASSEMBLÉE NATIONALE. 	PRÉSIDENCE DE M. TREILHARD, EX-PRÉSIDENT. 	1791-09-21
31	8	ASSEMBLÉE NATIONALE.	PRÉSIDENCE DE M.THOREL	1791-09-22
31	9	ASSEMBLÉE NATIONALE. 	PRÉSIDENCE DE M. THOURET.	1791-09-22
31	10	ASSEMBLÉE NATIONALE.	PRÉSIDENCE DE M. THOURET. 	1791-09-23
31	11	ASSEMBLÉE NATIONALE. 	PRÉSIDENCE DE M. THOURET.	1791-09-24
31	12	ASSEMBLÉE NATIONALE. 	PRÉSIDENCE DE M.ALEXANDRE DE BEAUHARNAIS,EX-PRESIDENT. 	1791-09-25
31	13	ASSEMBLÉE NATIONALE. 	PRÉSIDENCE DE M. THOURET.	1791-09-26
31	14	ASSEMBLÉE NATIONALE. 	PRÉSIDENCE DE M. TREILHARD, EX-PRÉSIDNET.	1791-09-26
31	15	ASSEMBLÉE NATIONALE. 	PRÉSIDENCE DE M. THOURET. 	1791-09-27
31	16	ASSEMBLÉE NATIONALE. 	PRÉSIDENCE DE M. EMMERY, EX-PRÉSIDENT. 	1791-09-27
31	17	ASSEMBLÉE NATIONALE. 	PRÉSIDENCE DB M. THOURET.	1791-09-28
31	18	ASSEMBLÉE NATIONALE. 	PRÉSIDENCE DE M. TREILHARD, EX-PRÉSIDENT.	1791-09-28
31	19	ASSEMBLÉE NATIONALE. 	PRÉSIDENCE DE M. THOURET. 	1791-09-29
31	20	ASSEMBLÉE NATIONALE. 	PRÉSIDENCE DE M. VICTOR. DE BROGLIE, EX-PRÉSIDENT. 	1791-09-29
31	21	ASSEMBLÉE NATIONALE. 	PRÉSIDENCE DE M. THOURET. 	1791-09-30
8	1	ASSEMBLÉE NATIONALE. 	ASSEMBLÉE NATIONALE (1). 	1789-06-30
8	2	ASSEMBLÉE NATIONALE. 	présidence de m. bailly.	1789-07-01
8	3	ASSEMBLÉE NATIONALE. 	presidence de m. bailly. 	1789-07-02
8	4	ASSEMBLÉE NATIONALE. 	présidence de m. bailly. 	1789-07-03
8	5	ASSEMBLÉE NATIONALE. 	présidence dem. le franc de pompignan, archevêque de vienne.	1789-07-04
8	6	ASSEMBLÉE NATIONALE. 	présidence de m. le franc de pomp1gnan, archevêque de vienne.	1789-07-06
8	7	ASSEMBLÉE NATIONALE. 	présidence de m. le franc de pompignaf, archevêque de vienne.	1789-07-07
8	8	ASSEMBLÉE NATIONALE.	présidence de m. le franc de pompignan archevêque de vienne. 	1789-07-08
8	9	ASSEMBLÉE NATIONALE.	PRÉSIDENCE DE M. LE FRANC DE POMPIGNAN, ARCHEVÊQUE DE VIENNE	1789-07-09
8	10	ASSEMBLÉE NATIONALE.	PRÉSIDENCE DE M. LE FRANC DE POMPIGNAN, ARCHEVÊQUE DE VIENNE.	1789-07-10
8	11	ASSEMBLÉE NATIONALE.	PRÉSIDENCE DE M. LE FRANC DE POMPlGNAN, ARCHEVÊQUE DE VIENN	1789-07-11
8	12	ASSEMBLÉE NATIONALE.	présidence de m. le franc de pomp1gnan, archevêque de vienne.	1789-07-13
8	13	ASSEMBLÉE NATIONALE.	présidence de m. le franc de pompignan, archevêque de vienn	1789-07-14
8	14	ASSEMBLÉE NATIONALE.	présidence de m. le franc de pompignan, archevêque de vienne.	1789-07-15
8	15	ASSEMBLÉE NATIONALE. 	présidence de m. le franc de pomp1gnan. archevêque de vienne. 	1789-07-16
8	16	ASSEMBLÉE NATIONALE. 	présidence de m. le franc de pompignan, archevêque de vienne. 	1789-07-17
8	17	ASSEMBLÉE NATIONALE. 	présidence de m- le franc de pompignan, archevêque de vienne. 	1789-07-18
8	18	ASSEMBLÉE NATIONALE. 	présidence de m. le duc de liancourt. 	1789-07-20
8	19	ASSEMBLÉE NATIONALE. 	i présidence de m. le duc de liancourt. 	1789-07-21
8	20	ASSEMBLÉE NATIONALE. 	présidence de m. le duc de liancourt. 	1789-07-23
8	21	ASSEMBLÉE NATIONALE. 	présidence de m. le duc de liancourt. 	1789-07-24
8	22	ASSEMBLÉE NATIONALE. 	présidence de m. le duc de liancourt. 	1789-07-25
8	23	ASSEMBLÉE NATIONALE. 	présidence de m. le duc de liancourt. 	1789-07-27
8	24	ASSEMBLÉE NATIONALE. 	PRESIDENCE DE M. LE DUC DE LIANCOURT. 	1789-07-28
8	25	ASSEMBLÉE NATIONALE. 	PRESIDENCE DE M.LE DUC DE LIANCOURT. 	1789-07-29
8	26	ASSEMBLÉE NATIONALE.	n/a	1789-07-30
8	27	ASSEMBLÉE NATIONALE.	PRÉSIDENCE DE M. LE DUC DE LIANCOURT.	1789-07-30
8	28	ASSEMBLÉE NATIONALE. 	PRESIDENCE DE M. LE DUC DE LIANCOURT.	1789-07-31
8	29	ASSEMBLÉE NATIONALE. 	paésidence de m. le duc de liancourt. 	1789-08-01
8	30	ASSEMBLÉE NATIONALE. 	PRÉSIDENCE DE M. LE DUC DE LIANCOURT.	1789-08-03
8	31	ASSEMBLÉE NATIONALE. 	PRÉSIDENCE DE M. CHAPELIER (1). 	1789-08-04
8	32	ASSEMBLÉE NATIONALE. 	présidence de m. chapelier. 	1789-08-05
8	33	ASSEMBLÉE NATIONALE. 	PRÉSIDENCE DE M. CHAPELIER. 	1789-08-06
8	34	ASSEMBLÉE NATIONALE. 	PRÉSIDENCE DE M. CHAPELIER. 	1789-08-07
8	35	ASSEMBLÉE NATIONALE. 	présidence de m. chapelier. 	1789-08-08
8	36	ASSEMBLÉE NATIONALE. 	PRÉSIDENCE DE M. CHAPELIER. 	1789-08-09
8	37	ASSEMBLÉE NATIONALE. 	PRÉSIDENCE DE M. CHAPELIER. 	1789-08-10
8	38	ASSEMBLÉE NATIONALE. 	PRÉSIDENCE DE M. CHAPELIER. 	1789-08-11
8	39	ASSEMBLÉE NATIONALE. 	PRÉSIDENCE DE M. CHAPELIER. 	1789-08-12
8	40	ASSEMBLÉE NATIONALE. 	présidence de m. chapelier. 	1789-08-13
8	41	ASSEMBLÉE NATIONALE. 	présidence de m. chapelier. 	1789-08-14
8	42	ASSEMBLÉE NATIONALE. 	présidence de m. le comte de clermont-tonnerre. 	1789-08-17
8	43	ASSEMBLÉE NATIONALE. 	PRÉSIDENCE DE M. LE COMTE DE CLERMONT-TONNERRE. 	1789-08-18
8	44	ASSEMBLÉE NATIONALE. 	présidence de m. le comte de clermont-tonnerre. 	1789-08-19
8	45	ASSEMBLÉE NATIONALE. 	PRÉSIDENCE DE M. LE COMTE STANISLAS DE CLERMONT-TONNERRE. 	1789-08-20
8	46	ASSEMBLÉE NATIONALE. 	ANNEXE 	1789-08-21
8	47	ASSEMBLÉE NATIONALE. 	présidence de m. le comte stanislas de clermont-tonnerre. 	1789-08-22
8	48	ASSEMBLÉE NATIONALE. 	PRÉSIDENCE DE M. LE COMTE STANISLAS DE CLERMONT-TONNERRE. 	1789-08-23
8	49	ASSEMBLÉE NATIONALE. 	PRÉSIDENCE DE M. LE COMTE STANISLAS DE CLERMONT-TONNERRE. 	1789-08-24
8	50	ASSEMBLÉE NATIONALE.	PRÉSIDENCE DE M. LE COMTE STANISLAS DE CLERMONT-TONNERRE.	1789-08-26
8	51	ASSEMBLÉE NATIONALE.	PRÉSIDENCE DE M. LE COMTE STANISLAS DE CLERMONT-TONNERRE.	1789-08-27
8	52	ASSEMBLÉE NATIONALE.	PRÉSIDENCE DE M. LE COMTE STANISLAS DE CLERMONT-TONNERRE.	1789-08-28
8	53	ASSEMBLÉE NATIONALE.	PRÉSIDENCE DE M. LE COMTE STANISLAS DE CLERMONT-TONNERRE.	1789-08-29
8	54	ASSEMBLÉE NATIONALE.	PRÉSIDENCE DE M. DE LA LUZfcRNE, ÉVÊQUE DE LANGRES.	1789-08-31
8	55	ASSEMBLÉE NATIONALE.	PRÉSIDENCE DE M. DE LA LUZERNE, ÉVÊQUE DUC DE LANGRES.	1789-09-01
8	56	ASSEMBLÉE NATIONALE. 	présidence de m. de la luzerne, évêque de chartres. 	1789-09-02
8	57	ASSEMBLÉE NATIONALE. 	PRÉSIDENCE DE M. DE LA LUZERNE, ÉVÊQUE DUC DE LANGRES. 	1789-09-03
8	58	ASSEMBLÉE NATIONALE. 	PRÉSIDENCE DE M. DE LA LUZERNE, ÉVÊQUE DUC DE LANGRES. 	1789-09-04
8	59	ASSEMBLÉE NATIONALE. 	PRÉSIDENCE DE M. DE LA LUZERNEf ÉVÊQUE, DUC DE LANGRES. 	1789-09-05
8	60	ASSEMBLÉE NATIONALE. 	PRÉSIDENCE DE M. DE LA LUZERNE, ÉVÊQUE, DUC DE LANGRES. 	1789-09-07
8	61	ASSEMBLÉE NATIONALE. 	PRESIDENCE DE M. DE LA LUZERNE, EVEQUE, DUC PJÎ LANGUES. 	1789-09-09
8	62	ASSEMBLÉE NATIONALE. 	PRESIDENCE DE M. LE COMTE STANISLAS DE CLERMONT-TONNERRE. 	1798-09-10
8	63	ASSEMBLÉE NATIONALE. 	PRÉSIDENCE DE M. LE COMTE STANISLAS DE CLERMONT-TONNERRE. 	1789-09-11
8	64	ASSEMBLÉE NATIONALE. 	PRÉSIDENCE DE M. LE COMTE STANISLAS DE CLERMONT-TONNERRE. 	1789-09-12
8	65	ASSEMBLÉE NATIONALE. 	PRÉSIDENCE DE M. LE COMTE STANISLAS DE CLERMONT-TONNERRE. 	1789-09-14
8	66	ASSEMBLÉE NATIONALE. 	présidence de m. le comte stanislas de clermont-tonnerre. 	1789-09-15
9	1	ASSEMBLÉE NATIONALE.	annexe	1789-09-16
9	2	ASSEMBLÉE NATIONALE.	n/a	1789-09-17
9	3	ASSEMBLÉE NATIONALE.	n/a	1789-09-18
9	4	ASSEMBLÉE NATIONALE.	ANNEXE	1789-09-19
9	5	ASSEMBLÉE NATIONALE.	ANNEXE	1789-09-21
9	6	ASSEMBLÉE NATIONALE.	annexe	1789-09-22
9	7	ASSEMBLÉE NATIONALE.	annexe	1789-09-23
9	8	ASSEMBLÉE NATIONALE.	n/a	1789-09-24
9	9	ASSEMBLÉE NATIONALE.	n/a	1789-09-25
9	10	ASSEMBLÉE NATIONALE.	n/a	1789-09-26
9	11	ASSEMBLÉE NATIONALE.	n/a	1789-09-28
9	12	ASSEMBLÉE NATIONALE.	n/a	1789-09-29
9	13	ASSEMBLÉE NATIONALE.	ANNEXE	1789-09-30
9	14	ASSEMBLÉE NATIONALE.	n/a	1789-10-01
9	15	ASSEMBLÉE NATIONALE.	annexe	1789-10-02
9	16	ASSEMBLÉE NATIONALE.	ANNEXE	1789-10-03
9	17	ASSEMBLÉE NATIONALE.	n/a	1789-10-05
9	18	ASSEMBLÉE NATIONALE.	ANNEXE	1789-10-06
9	19	ASSEMBLÉE NATIONALE.	n/a	1789-10-07
9	20	ASSEMBLÉE NATIONALE.	n/a	1789-10-08
9	21	ASSEMBLÉE NATIONALE.	n/a	1789-10-09
9	22	ASSEMBLÉE NATIONALE.	ANNEXE	1789-10-10
9	23	ASSEMBLÉE NATIONALE.	n/a	1789-10-12
9	24	ASSEMBLÉE NATIONALE.	n/a	1789-10-13
9	25	ASSEMBLÉE NATIONALE.	ANNEXE	1789-10-14
9	26	ASSEMBLÉE NATIONALE.	PRÉSIDENCE DE M. FRÉTER.	1789-10-15
9	27	ASSEMBLÉE NATIONALE.	présidence de m. fréteau.	1789-10-19
9	28	ASSEMBLÉE NATIONALE.	PRÉSIDENCE DE M. PRÊTE AU.	1789-10-20
9	29	ASSEMBLÉE NATIONALE.	présidence de M. fréteau.	1789-10-21
9	30	ASSEMBLÉE NATIONALE.	PRÉSIDENCE DE M. FRÉTEAU	1789-10-22
9	31	ASSEMBLÉE NATIONALE.	PRÉSIDENCE De M. FRÉTEAU.	1789-10-23
9	32	ASSEMBLÉE NATIONALE.	PRÉSIDENCE DE M. FRÉTÈAU.	1789-10-24
9	33	ASSEMBLÉE NATIONALE.	PRÉSIDENCE DE M. FRÉTEAU.	1789-10-26
9	34	ASSEMBLÉE NATIONALE.	PRÉSIDENCE DE M. FRÉTEAU.	1789-10-27
9	35	ASSEMBLÉE NATIONALE.	PRÉSIDENCE DE M. CAMUS.	1789-10-28
9	36	ASSEMBLÉE NATIONALE.	PRÉSIDENCE DE M. CAMUS.	1789-10-29
9	37	ASSEMBLÉE NATIONALE.	PRÉSIDENCE DE M. CAMUS.	1789-10-30
9	38	ASSEMBLÉE NATIONALE.	PRÉSIDENCE DE M. CAMUS.	1789-10-31
9	39	ASSEMBLÉE NATIONALE.	présidence de m. camus.	1789-11-2
9	40	ASSEMBLÉE NATIONALE.	PRÉSIDENCE DE M. CAMUS.	1789-11-03
9	41	ASSEMBLÉE NATIONALE.	PRÉSIDENCE DE M. CAMUS.	1789-11-04
9	42	ASSEMBLÉE NATIONALE.	PRÉSIDENCE DE M. CAMUS.	1789-11-05
9	43	ASSEMBLÉE NATIONALE.	PRÉSIDENCE DE M. CAMUS.	1789-11-06
9	44	ASSEMBLÉE NATIONALE.	PRÉSIDENCE DE M. CAMUS.	1789-11-07
9	45	ASSEMBLÉE NATIONALE.	PRÉSIDENCE DE M. CAMUS.	1789-11-09
9	46	ASSEMBLÉE NATIONALE.	PRÉSIDENCE DE M. CAMUS	1789-11-10
9	47	ASSEMBLÉE NATIONALE.	PRÉSIDENCE DE M. CAMUS.	1789-11-11
